name	length	genome_ID
sgb_0694	1877225	BIN_UNKNOWN_513_Schaedlerella
sgb_0655	3502780	BIN_UNKNOWN_621_Lachnospiraceae
sgb_0628	2454869	BIN_UNKNOWN_144_Muribaculaceae
sgb_0336	1065243	BIN_UNKNOWN_748_Clostridia
sgb_0618	3903088	BIN_UNKNOWN_492_Thermoproteota
sgb_0169	1038318	BIN_UNKNOWN_677_Pasteurellaceae
sgb_0902	1980187	BIN_UNKNOWN_245_Bulleidia
sgb_0645	1488478	BIN_UNKNOWN_736_Bacilli
sgb_0313	1931924	BIN_UNKNOWN_434_Weeksellaceae
sgb_0841	969003	BIN_UNKNOWN_814_Bacilli
sgb_0936	1636214	BIN_Streptococcus orisratti
sgb_0278	2397522	BIN_UNKNOWN_415_Corynebacterium
sgb_0284	2071762	BIN_UNKNOWN_36_Anaerofilum
sgb_0829	1338319	BIN_UNKNOWN_688_Enterococcaceae
sgb_0823	2500559	BIN_UNKNOWN_523_Fusobacteriaceae
sgb_0407	1829231	BIN_UNKNOWN_620_Muribaculaceae
sgb_0487	1493746	BIN_Amedibacillus dolichus
sgb_0323	1618303	BIN_UNKNOWN_709_Mediterraneibacter
sgb_0410	2258571	BIN_UNKNOWN_685_Muribaculaceae
sgb_0050	2708630	BIN_Victivallis vadensis
sgb_0578	2544832	BIN_UNKNOWN_148_Oscillospiraceae
sgb_0728	1753003	BIN_UNKNOWN_267_Acidaminococcaceae
sgb_0604	2617723	BIN_UNKNOWN_324_Oscillibacter
sgb_0380	1729942	
sgb_0770	1662110	BIN_UNKNOWN_599_Bacteroidaceae
sgb_0586	3053294	BIN_UNKNOWN_14_Akkermansia
sgb_0787	885200	BIN_Streptococcus alactolyticus
sgb_0150	947321	BIN_UNKNOWN_617_Clostridia
sgb_0389	831508	BIN_UNKNOWN_70
sgb_0021	754727	BIN_UNKNOWN_699_Bulleidia
sgb_0712	5989314	BIN_UNKNOWN_217_Phocaeicola
sgb_0167	1478038	BIN_UNKNOWN_655_Oscillospiraceae
sgb_0309	2704293	BIN_UNKNOWN_214_Advenella
sgb_0486	2125201	BIN_UNKNOWN_355_Faecalimonas
sgb_0848	1667717	BIN_UNKNOWN_460_Fretibacterium
sgb_0430	2338969	BIN_UNKNOWN_552_Bacteroidales
sgb_0222	1904891	BIN_UNKNOWN_437_Prevotella
sgb_0112	2473376	BIN_UNKNOWN_167_Lachnospiraceae
sgb_0233	2717164	BIN_UNKNOWN_570_Bacilli
sgb_0239	1638647	BIN_UNKNOWN_130_Helicobacteraceae
sgb_0755	2426391	BIN_UNKNOWN_557_Parabacteroides
sgb_0080	1963927	BIN_UNKNOWN_517_Erysipelotrichaceae
sgb_0889	2255712	BIN_UNKNOWN_321_Sellimonas
sgb_0747	1584503	BIN_UNKNOWN_328_Clostridia
sgb_0338	1794205	BIN_UNKNOWN_778_Oscillospiraceae
sgb_0534	3258166	BIN_UNKNOWN_77_Bacteroidales
sgb_0339	2947850	BIN_UNKNOWN_100_Blautia
sgb_0791	2358804	BIN_UNKNOWN_414_Gemmiger
sgb_0891	1802540	BIN_UNKNOWN_179_Succinivibrio
sgb_0360	2150971	BIN_UNKNOWN_346_Muribaculaceae
sgb_0941	2197886	BIN_UNKNOWN_419_Dysosmobacter
sgb_0779	2784864	BIN_UNKNOWN_125_Bacteroidales
sgb_0030	2727052	BIN_UNKNOWN_197_Lachnospiraceae
sgb_1017	1523292	BIN_UNKNOWN_362_Clostridia
sgb_0087	1850890	BIN_UNKNOWN_535_Faecalimonas
sgb_0751	2578695	BIN_UNKNOWN_302_Treponemataceae
sgb_1002	5877933	BIN_Bacteroides ovatus
sgb_0523	3664538	BIN_Parabacteroides gordonii
sgb_0564	3347813	BIN_UNKNOWN_124_Ruthenibacterium
sgb_0674	1747213	BIN_Clostridium chauvoei
sgb_0114	2545354	BIN_UNKNOWN_307_Phocaeicola
sgb_0237	3616625	BIN_Oceanobacillus indicireducens
sgb_0547	2651925	BIN_UNKNOWN_885_Clostridia
sgb_0996	1738862	BIN_UNKNOWN_485_Faecalimonas
sgb_0663	2421924	BIN_UNKNOWN_840_Gemmiger
sgb_0424	1473025	BIN_UNKNOWN_388_Clostridia
sgb_0511	2321867	BIN_UNKNOWN_527_Faecalibacterium
sgb_0107	1552746	BIN_UNKNOWN_30_Alphaproteobacteria
sgb_0924	983554	BIN_UNKNOWN_627_Evtepia
sgb_0666	4341572	BIN_UNKNOWN_40_Clostridioides
sgb_0860	2263346	BIN_UNKNOWN_83_Oscillospiraceae
sgb_0591	3152295	BIN_UNKNOWN_18_Muribaculaceae
sgb_0964	1729422	BIN_UNKNOWN_439_Solibaculum
sgb_0434	1317131	BIN_UNKNOWN_738_Ruminococcaceae
sgb_0132	1523850	BIN_UNKNOWN_586_Anaerobiospirillum
sgb_0569	2845307	BIN_Akkermansia glycaniphila
sgb_0740	2000574	BIN_UNKNOWN_74_Clostridia
sgb_0626	2151203	BIN_UNKNOWN_548_Akkermansia
sgb_0724	5630890	BIN_UNKNOWN_220_Bacteroides
sgb_0842	1691689	BIN_UNKNOWN_765_Floccifex
sgb_0226	1913383	BIN_UNKNOWN_869_Sphaerochaetaceae
sgb_0311	946234	BIN_UNKNOWN_380_Acholeplasmataceae
sgb_0325	1240284	BIN_UNKNOWN_868_Clostridia
sgb_0634	6241352	BIN_UNKNOWN_660_Lachnospiraceae
sgb_0699	2386010	BIN_UNKNOWN_11_Clostridia
sgb_0513	1919423	BIN_UNKNOWN_803_Methanocorpusculum
sgb_0886	2165912	BIN_UNKNOWN_98_Dialister
sgb_0002	4168282	BIN_Escherichia marmotae
sgb_0149	1478452	BIN_UNKNOWN_832_Longicatena
sgb_0104	2497896	BIN_Blautia hansenii
sgb_0042	2137567	BIN_UNKNOWN_86_Bacteroidales
sgb_0877	1819624	BIN_UNKNOWN_281_Bacteroidales
sgb_0540	2026217	BIN_UNKNOWN_505_Clostridia
sgb_0962	648470	BIN_UNKNOWN_703_Clostridia
sgb_0171	2253836	BIN_UNKNOWN_342_Oscillospiraceae
sgb_0589	3570936	BIN_UNKNOWN_103_Lachnospiraceae
sgb_0005	2055075	BIN_UNKNOWN_406_Lachnospiraceae
sgb_0644	1545488	BIN_UNKNOWN_411_Clostridia
sgb_0451	3554467	BIN_UNKNOWN_843_Phocaeicola
sgb_0270	6392621	BIN_UNKNOWN_526_Nocardiopsis
sgb_0997	2527698	BIN_UNKNOWN_131_Lachnospiraceae
sgb_0709	3583864	BIN_UNKNOWN_585_Pseudoflavonifractor
sgb_0546	1388557	BIN_UNKNOWN_648_Bacteroidota
sgb_0286	2146272	BIN_Corynebacterium casei
sgb_0182	1840760	BIN_UNKNOWN_520_Fournierella
sgb_0863	2333246	BIN_UNKNOWN_270_Clostridia
sgb_0305	2582192	BIN_UNKNOWN_353_Sphaerochaeta
sgb_0125	677402	BIN_UNKNOWN_618_Anaeroplasmataceae
sgb_0418	2979849	BIN_UNKNOWN_63_Lachnospiraceae
sgb_0538	2614407	BIN_UNKNOWN_45_Clostridia
sgb_0615	1844320	BIN_UNKNOWN_609_Fusobacteriaceae
sgb_0003	2592829	BIN_UNKNOWN_333_Parabacteroides
sgb_0544	3218802	BIN_UNKNOWN_848_Thermoguttaceae
sgb_1016	2067086	BIN_UNKNOWN_223_Anaerobiospirillum
sgb_0789	4068830	BIN_UNKNOWN_111_Clostridium
sgb_0322	1441185	BIN_Corynebacterium stationis
sgb_0960	1920209	BIN_UNKNOWN_243_Catenibacterium
sgb_0597	2503427	BIN_UNKNOWN_134_Clostridia
sgb_0129	1888635	BIN_UNKNOWN_216_Anaerotignum
sgb_0704	2650914	BIN_UNKNOWN_52_Oscillospiraceae
sgb_0041	1216488	BIN_UNKNOWN_405_Ruminococcaceae
sgb_0401	3693467	BIN_UNKNOWN_78_Lachnospiraceae
sgb_0809	1579903	BIN_UNKNOWN_670_Agathobacter
sgb_0089	2734965	BIN_UNKNOWN_207_Parabacteroides
sgb_0189	1908973	BIN_UNKNOWN_856_Faecalibacterium
sgb_0450	1672530	BIN_UNKNOWN_487_Clostridia
sgb_0652	2753142	BIN_UNKNOWN_140_Alistipes
sgb_0297	3257532	BIN_UNKNOWN_844_Chiayiivirga
sgb_0271	2469695	BIN_Acinetobacter towneri
sgb_0667	4761649	BIN_UNKNOWN_218_Erysipelotrichaceae
sgb_0152	1030490	BIN_UNKNOWN_888_Anaeroplasmataceae
sgb_0060	3727129	BIN_UNKNOWN_596_Victivallis
sgb_0673	1720097	BIN_UNKNOWN_483_Micavibrio
sgb_0749	650223	BIN_UNKNOWN_558_Clostridia
sgb_0465	1886447	BIN_UNKNOWN_466_Collinsella
sgb_0772	2861323	BIN_UNKNOWN_62_Lachnospiraceae
sgb_0685	3815914	BIN_UNKNOWN_178_Pseudomonadaceae
sgb_0528	934512	BIN_Lactobacillus acidophilus
sgb_0425	1642845	BIN_UNKNOWN_786_Muribaculaceae
sgb_0930	1488864	BIN_Prevotella lascolaii
sgb_0274	2644432	BIN_Luteimonas padinae
sgb_0027	2074501	BIN_UNKNOWN_300_Anaerotignum
sgb_0904	2011312	BIN_Collinsella phocaeensis
sgb_0340	1721094	BIN_UNKNOWN_410_Bacteroidales
sgb_0096	3291716	BIN_UNKNOWN_489_Enterobacter
sgb_0638	5026820	BIN_UNKNOWN_320_Phocaeicola
sgb_0038	2129525	BIN_UNKNOWN_286_Fournierella
sgb_0275	2447270	BIN_UNKNOWN_622_Thermoactinomyces
sgb_0192	2480343	BIN_UNKNOWN_791_Acidimicrobiales
sgb_0816	1370191	BIN_UNKNOWN_784_Ligilactobacillus
sgb_0912	1554092	BIN_UNKNOWN_624_Parabacteroides
sgb_1004	1137434	BIN_UNKNOWN_623_Clostridia
sgb_0680	3948808	BIN_UNKNOWN_306_Bacteroidales
sgb_0461	1906451	BIN_Collinsella tanakaei
sgb_0559	1854353	BIN_UNKNOWN_515_Ruminococcaceae
sgb_0085	2491968	BIN_UNKNOWN_301_Enterocloster
sgb_0283	4748623	BIN_UNKNOWN_127_Nocardiopsis
sgb_0800	1172601	BIN_UNKNOWN_400
sgb_0948	1237422	BIN_UNKNOWN_598_Copromorpha
sgb_0671	3665330	BIN_UNKNOWN_6_Cellvibrio
sgb_0387	2758479	BIN_UNKNOWN_556_Lachnospiraceae
sgb_0576	1997270	BIN_UNKNOWN_524_Anaeromassilibacillus
sgb_0696	3435640	BIN_UNKNOWN_697_Lachnospiraceae
sgb_0532	2673112	BIN_UNKNOWN_114_Desulfovibrionaceae
sgb_0963	1565979	BIN_UNKNOWN_514_Negativibacillus
sgb_0249	3286992	BIN_UNKNOWN_668_Lacipirellulaceae
sgb_0100	1383588	BIN_UNKNOWN_739_Bacteroidales
sgb_1001	1771872	BIN_Collinsella stercoris
sgb_0895	1901596	BIN_UNKNOWN_141_Parolsenella
sgb_0876	3045681	BIN_UNKNOWN_9_Comamonas
sgb_0788	1982156	BIN_UNKNOWN_664_Lachnospiraceae
sgb_0018	2679454	BIN_UNKNOWN_443_Lachnospiraceae
sgb_0961	794360	BIN_UNKNOWN_654_Spirochaetia
sgb_0280	2420621	BIN_UNKNOWN_551_Proteiniphilum
sgb_0439	1213760	BIN_Peptacetobacter hiranonis
sgb_0765	2039863	BIN_UNKNOWN_294_Bacteroidales
sgb_0390	1874536	BIN_UNKNOWN_708_Sodaliphilus
sgb_0441	3318239	BIN_UNKNOWN_603_Bacteroidales
sgb_0793	2697114	BIN_UNKNOWN_401_Mediterraneibacter
sgb_0063	1313015	BIN_UNKNOWN_768_Dysosmobacter
sgb_0819	2596559	BIN_UNKNOWN_831_Clostridium
sgb_0849	1576905	BIN_UNKNOWN_426_Clostridia
sgb_0637	2839154	BIN_UNKNOWN_498_Erysipelotrichaceae
sgb_0351	1155557	BIN_UNKNOWN_859_Oscillospiraceae
sgb_0812	1582831	BIN_UNKNOWN_633_Kiritimatiellae
sgb_0723	3022202	BIN_UNKNOWN_452_Crocinitomicaceae
sgb_0931	2082083	BIN_UNKNOWN_266_Oribacterium
sgb_0193	3233346	BIN_UNKNOWN_857_Thermoanaerobaculia
sgb_0066	1479003	BIN_UNKNOWN_34_Alphaproteobacteria
sgb_0520	5507133	BIN_UNKNOWN_371_Thermoguttaceae
sgb_0037	2536987	BIN_Agathobacter rectalis
sgb_0792	1562930	BIN_UNKNOWN_701_Clostridia
sgb_0757	1342194	BIN_UNKNOWN_241_Copromorpha
sgb_0631	3373482	BIN_UNKNOWN_561_Bacteroidales
sgb_0512	2212788	BIN_UNKNOWN_872_Bulleidia
sgb_0976	2102661	BIN_UNKNOWN_33_Eggerthellaceae
sgb_0726	5274939	BIN_UNKNOWN_95_Parabacteroides
sgb_0743	1526478	BIN_UNKNOWN_153_Anaeroplasmataceae
sgb_0128	2534455	BIN_Alistipes timonensis
sgb_0741	1023559	BIN_UNKNOWN_810_Ruminococcaceae
sgb_0056	2207996	BIN_UNKNOWN_879_Peptacetobacter
sgb_0625	4935606	BIN_UNKNOWN_80_Odoribacter
sgb_0745	1639552	BIN_UNKNOWN_404_Clostridia
sgb_0992	1709749	BIN_UNKNOWN_479_Clostridia
sgb_0786	1259588	BIN_UNKNOWN_28_Lactobacillaceae
sgb_0312	1617498	BIN_UNKNOWN_444_Sphaerochaeta
sgb_0966	1572137	BIN_UNKNOWN_575_Collinsella
sgb_0953	2440815	BIN_UNKNOWN_297_Roseburia
sgb_0194	1568623	BIN_UNKNOWN_813_Clostridia
sgb_0135	1880073	BIN_UNKNOWN_97_Gastranaerophilales
sgb_0255	4732341	BIN_UNKNOWN_288_Micromonosporaceae
sgb_0794	2154724	BIN_UNKNOWN_387_Faecalimonas
sgb_0482	3593393	BIN_UNKNOWN_691_Erysipelatoclostridium
sgb_0330	2148582	BIN_UNKNOWN_299_Lachnospiraceae
sgb_0776	3272360	BIN_UNKNOWN_550_Paludibacteraceae
sgb_0599	3384794	BIN_UNKNOWN_107_Lachnospiraceae
sgb_0081	2008796	BIN_UNKNOWN_206_Lawsonibacter
sgb_0084	2209357	BIN_UNKNOWN_413_Anaerobiospirillum
sgb_0464	2376026	BIN_UNKNOWN_150_Lachnospiraceae
sgb_0130	1985327	BIN_UNKNOWN_43_Bacteroidales
sgb_0510	1740038	BIN_Agathobaculum butyriciproducens
sgb_1012	2148010	BIN_Bifidobacterium longum
sgb_0452	2142643	BIN_UNKNOWN_32_Clostridia
sgb_0134	1508489	BIN_UNKNOWN_250_Clostridia
sgb_0611	1330811	BIN_UNKNOWN_246_Clostridia
sgb_0830	1847283	BIN_Ligilactobacillus salivarius
sgb_0798	2029226	BIN_UNKNOWN_775_Ruminococcaceae
sgb_0065	2152351	BIN_UNKNOWN_318_Flavonifractor
sgb_0824	2136998	BIN_Plesiomonas shigelloides
sgb_0654	1918863	BIN_UNKNOWN_553_Lachnospira
sgb_0983	3065200	BIN_Paraprevotella xylaniphila
sgb_0028	2946104	BIN_UNKNOWN_253_Mailhella
sgb_0393	2385331	BIN_UNKNOWN_344_Peptococcaceae
sgb_0024	2417936	BIN_UNKNOWN_420_Phocaeicola
sgb_0215	1541273	BIN_UNKNOWN_628_Bacteroidales
sgb_0345	1874300	BIN_UNKNOWN_608_Bacteroidales
sgb_0433	2895669	BIN_UNKNOWN_337_Bacteroidaceae
sgb_0094	2220419	BIN_UNKNOWN_233_Alloprevotella
sgb_0678	2708360	BIN_UNKNOWN_22_Moheibacter
sgb_0716	3734507	BIN_Stenotrophomonas nitritireducens
sgb_0256	3538552	BIN_UNKNOWN_227_Longimicrobiales
sgb_0854	4129049	BIN_UNKNOWN_254_Parabacteroides
sgb_0580	2344545	BIN_UNKNOWN_84_Clostridia
sgb_0840	2133932	BIN_UNKNOWN_560_Peptostreptococcaceae
sgb_0376	3432358	BIN_UNKNOWN_255_Lachnospiraceae
sgb_0864	4667481	BIN_Bacteroides heparinolyticus
sgb_0368	1827378	BIN_UNKNOWN_262_Clostridia
sgb_0402	2236684	BIN_UNKNOWN_283_Muribaculaceae
sgb_0019	1551535	BIN_UNKNOWN_171_Burkholderiaceae
sgb_0942	1059692	BIN_Bifidobacterium pseudocatenulatum
sgb_0144	1970897	BIN_UNKNOWN_757_Anaeroplasma
sgb_0693	3241788	BIN_UNKNOWN_205_Bacteroidaceae
sgb_0990	1871757	BIN_Ruthenibacterium lactatiformans
sgb_0453	1584762	BIN_UNKNOWN_741_Lachnospiraceae
sgb_0052	3398057	BIN_Phocaeicola plebeius
sgb_0494	2072265	BIN_UNKNOWN_396_Clostridia
sgb_1005	1374139	BIN_UNKNOWN_436_Dielma
sgb_0606	2272729	BIN_UNKNOWN_263_Muribaculaceae
sgb_0442	3065688	BIN_UNKNOWN_106_Bacteroidales
sgb_0937	3774743	BIN_Anaerobutyricum soehngenii
sgb_0690	2682202	BIN_UNKNOWN_17_Bacteroidales
sgb_0344	2258725	BIN_UNKNOWN_287_Clostridia
sgb_0264	1489803	BIN_UNKNOWN_662_Neofamilia
sgb_1020	1266955	BIN_Phocea massiliensis
sgb_0106	2210073	BIN_UNKNOWN_239_Lachnospira
sgb_0395	1771797	BIN_UNKNOWN_563_Bacteroidales
sgb_0780	1286220	BIN_UNKNOWN_471_Oscillospiraceae
sgb_0404	2280478	BIN_UNKNOWN_427_Muribaculaceae
sgb_0872	2592533	BIN_UNKNOWN_184_Acetatifactor
sgb_0355	2537680	BIN_UNKNOWN_202_Oscillospiraceae
sgb_0858	1695948	BIN_UNKNOWN_787_Clostridia
sgb_0369	1809904	BIN_UNKNOWN_647_Alloprevotella
sgb_0664	7450476	BIN_UNKNOWN_611_Bacteroides
sgb_0093	1363127	BIN_UNKNOWN_732_Lachnospiraceae
sgb_0719	2265057	BIN_UNKNOWN_756_Brevundimonas
sgb_0048	1763497	BIN_UNKNOWN_279_Muribaculaceae
sgb_0266	1519932	BIN_UNKNOWN_593_Clostridia
sgb_0901	2383865	BIN_UNKNOWN_543_Prevotella
sgb_0818	2808965	BIN_UNKNOWN_276_Lachnospiraceae
sgb_0887	2014197	BIN_UNKNOWN_370_Gemmiger
sgb_0140	2198448	BIN_Fournierella massiliensis
sgb_0783	1539552	BIN_UNKNOWN_521_Mailhella
sgb_0761	875659	BIN_UNKNOWN_569_Sutterella
sgb_0337	2948736	BIN_UNKNOWN_291_Bacteroidaceae
sgb_0593	2623231	BIN_UNKNOWN_115_Ruminococcus
sgb_0605	1315261	BIN_UNKNOWN_528_Clostridia
sgb_0665	1709022	BIN_UNKNOWN_724_Agathobaculum
sgb_0899	1648477	BIN_UNKNOWN_280_Clostridia
sgb_0334	2318421	BIN_UNKNOWN_190_Faecalibacterium
sgb_0117	1554738	BIN_UNKNOWN_637_Desulfovibrio
sgb_0621	3526491	BIN_UNKNOWN_338_Bacteroidales
sgb_0979	1755604	BIN_Megasphaera stantonii
sgb_0163	1042724	BIN_UNKNOWN_659_Erysipelotrichaceae
sgb_0518	4025789	BIN_Bilophila wadsworthia
sgb_0013	1486508	BIN_UNKNOWN_27_Campylobacteraceae
sgb_0659	1197626	BIN_UNKNOWN_236_Bacilli
sgb_0151	3348583	BIN_UNKNOWN_212_Parabacteroides
sgb_0568	2356478	BIN_UNKNOWN_13_Akkermansia
sgb_0381	1999673	BIN_UNKNOWN_760_Oscillospiraceae
sgb_0703	3360257	BIN_UNKNOWN_99_Odoribacter
sgb_0890	2595758	BIN_UNKNOWN_238_Lachnospiraceae
sgb_0101	1379505	BIN_UNKNOWN_663_Lachnospiraceae
sgb_0123	2122474	BIN_UNKNOWN_329_Bacteroides
sgb_0428	2276568	BIN_UNKNOWN_23_Muribaculaceae
sgb_0209	1240304	BIN_UNKNOWN_546_Clostridia
sgb_0768	1625953	BIN_UNKNOWN_10_Methanobacteriaceae
sgb_0782	2260816	BIN_UNKNOWN_35_Bacteroidales
sgb_0763	2265139	BIN_UNKNOWN_24_Streptococcus
sgb_0326	1423231	BIN_UNKNOWN_650_Fusobacteriaceae
sgb_0174	1768798	BIN_UNKNOWN_564_Ruminococcaceae
sgb_0086	1657045	BIN_UNKNOWN_870_Fusobacteriaceae
sgb_0156	1114740	BIN_UNKNOWN_733_Clostridia
sgb_0095	2512385	BIN_UNKNOWN_314_Allobaculum
sgb_0758	2272593	BIN_UNKNOWN_861_Lachnospiraceae
sgb_0832	1607088	BIN_UNKNOWN_536_Dubosiella
sgb_0813	2397048	BIN_UNKNOWN_412_Treponemataceae
sgb_0291	817465	BIN_Methanocorpusculum parvum
sgb_0329	3356391	BIN_UNKNOWN_237_Bacteroides
sgb_0835	1444997	BIN_UNKNOWN_590_Butyricicoccus
sgb_0661	1799572	BIN_UNKNOWN_386_Schaedlerella
sgb_0447	2620408	BIN_UNKNOWN_65_Clostridia
sgb_0563	2995867	BIN_UNKNOWN_55_Ruminococcaceae
sgb_0254	4791059	BIN_UNKNOWN_839_Pirellulales
sgb_0653	2847951	BIN_UNKNOWN_592_Lachnospiraceae
sgb_0238	1784630	BIN_UNKNOWN_826_Geofilum
sgb_0845	1676999	BIN_UNKNOWN_825_Oscillospiraceae
sgb_0853	2360063	BIN_UNKNOWN_128_Bacteroidales
sgb_0308	3288514	BIN_UNKNOWN_72_Tenuifilaceae
sgb_0348	1527794	BIN_UNKNOWN_397_Kiritimatiellae
sgb_0878	2560683	BIN_UNKNOWN_718_Fournierella
sgb_0343	1095680	BIN_UNKNOWN_689_Clostridia
sgb_0413	2022935	BIN_UNKNOWN_323_Muribaculaceae
sgb_0928	1177911	BIN_Lactobacillus johnsonii
sgb_0498	1855830	BIN_UNKNOWN_525_Gemmiger
sgb_0133	2841965	BIN_UNKNOWN_274_Bacteroidaceae
sgb_0909	1354046	BIN_UNKNOWN_794_Collinsella
sgb_0844	1777191	BIN_UNKNOWN_61_Clostridia
sgb_0795	2295374	BIN_UNKNOWN_155_Akkermansia
sgb_0525	2011328	BIN_UNKNOWN_369_Phascolarctobacterium
sgb_0727	4772176	BIN_UNKNOWN_416_Pseudomonadaceae
sgb_0454	2171778	BIN_UNKNOWN_457_Lachnospiraceae
sgb_0103	4075960	BIN_Escherichia coli
sgb_0446	1441705	BIN_UNKNOWN_719_Paludibacteraceae
sgb_0596	2659291	BIN_UNKNOWN_818_Erysipelatoclostridium
sgb_0210	1283686	BIN_UNKNOWN_347_Ruminococcaceae
sgb_0968	2821414	BIN_UNKNOWN_67_Faecalimonas
sgb_0945	2890677	BIN_UNKNOWN_152_Lachnospiraceae
sgb_0012	2475036	BIN_UNKNOWN_229_Lachnospiraceae
sgb_0421	2127744	BIN_UNKNOWN_399_Muribaculaceae
sgb_0524	2280880	BIN_UNKNOWN_753_Clostridia
sgb_0031	2904214	BIN_Bacteroides stercoris
sgb_0796	1800848	BIN_UNKNOWN_510_Ruminococcus
sgb_0932	1977386	BIN_Agathobaculum desmolans
sgb_0708	3743716	BIN_UNKNOWN_139_Azonexus
sgb_0944	2129598	BIN_UNKNOWN_298_Succinivibrio
sgb_0880	2627595	BIN_UNKNOWN_290_Butyrivibrio
sgb_1023	1688959	BIN_UNKNOWN_476_Lawsonibacter
sgb_0015	2405355	BIN_UNKNOWN_92_Eisenbergiella
sgb_0882	1880681	BIN_UNKNOWN_251_Oscillospiraceae
sgb_0950	1263422	BIN_UNKNOWN_474_Sutterella
sgb_0227	4268648	BIN_Saccharomonospora viridis
sgb_0565	3584173	BIN_Desulfovibrio fairfieldensis
sgb_0881	1027659	BIN_UNKNOWN_639_Clostridia
sgb_0188	1621988	BIN_UNKNOWN_799_Marinifilaceae
sgb_0378	2742617	BIN_Akkermansia muciniphila
sgb_0475	1275287	BIN_UNKNOWN_665_Faecalimonas
sgb_0722	3947910	BIN_UNKNOWN_219_Devosia
sgb_0767	2443317	BIN_UNKNOWN_230_Bacteroidales
sgb_0155	1836722	BIN_UNKNOWN_117_Bacteroidales
sgb_0289	2785862	BIN_UNKNOWN_275_Flavobacterium
sgb_0347	2523784	BIN_UNKNOWN_199_Bacteroidales
sgb_0349	2627939	BIN_UNKNOWN_120_Bacteroidales
sgb_0045	966277	BIN_Streptococcus lutetiensis
sgb_0481	3298105	BIN_UNKNOWN_883_Nocardioides
sgb_0391	1929037	BIN_UNKNOWN_495_Acidaminococcaceae
sgb_0161	2092057	BIN_UNKNOWN_449_Oscillospiraceae
sgb_0951	1928421	BIN_UNKNOWN_626_Alloprevotella
sgb_0695	1589955	BIN_UNKNOWN_240_Peptococcaceae
sgb_0183	1522598	BIN_UNKNOWN_441_Faecalimonas
sgb_0692	1329710	BIN_UNKNOWN_792_Clostridia
sgb_0184	1735818	BIN_UNKNOWN_638_Phocaeicola
sgb_0803	2377109	BIN_UNKNOWN_580_Oscillospiraceae
sgb_0656	2000978	BIN_UNKNOWN_714_Lachnospiraceae
sgb_0260	2639710	BIN_UNKNOWN_293_Fermentimonas
sgb_0122	2067723	BIN_Clostridium celatum
sgb_0821	2067826	BIN_UNKNOWN_96_Peptostreptococcus
sgb_0753	1556675	BIN_UNKNOWN_751_Treponemataceae
sgb_0067	2334384	BIN_UNKNOWN_345_Bacteroides
sgb_0579	4016323	BIN_UNKNOWN_326_Enterocloster
sgb_0852	1823056	BIN_UNKNOWN_200_Methanobacteriaceae
sgb_0675	2619772	BIN_UNKNOWN_641_Pseudomonadales
sgb_0187	2507175	BIN_UNKNOWN_440_Kiritimatiellae
sgb_0062	2863939	BIN_UNKNOWN_135_Odoribacter
sgb_0820	1959604	BIN_UNKNOWN_57_Fusobacteriaceae
sgb_0263	4844762	BIN_UNKNOWN_744_Polyangiaceae
sgb_0158	3325790	BIN_UNKNOWN_822_Phocaeicola
sgb_0190	1900977	BIN_UNKNOWN_674_Ruminococcaceae
sgb_0302	2161959	BIN_UNKNOWN_422_Clostridia
sgb_0211	1879692	BIN_UNKNOWN_884_Clostridiaceae
sgb_0837	1801950	BIN_UNKNOWN_81_Ligilactobacillus
sgb_0702	2494019	BIN_UNKNOWN_455_Oscillospiraceae
sgb_0608	4091349	BIN_UNKNOWN_160_Lachnospiraceae
sgb_0073	1332258	BIN_UNKNOWN_204_Anaeroplasmataceae
sgb_0079	2054931	BIN_UNKNOWN_531_Muribaculum
sgb_0367	1129388	BIN_UNKNOWN_530_Bacilli
sgb_0640	2079874	BIN_UNKNOWN_104_Acidaminococcaceae
sgb_0915	779521	BIN_UNKNOWN_634_Succinivibrio
sgb_0412	2340765	BIN_UNKNOWN_374_Duncaniella
sgb_1006	1431167	BIN_Faecalicoccus pleomorphus
sgb_0200	2524631	BIN_UNKNOWN_743_Oscillospiraceae
sgb_0519	3488997	BIN_UNKNOWN_726_Salmonella
sgb_0212	1302651	BIN_UNKNOWN_509_Oscillospiraceae
sgb_0884	4022956	BIN_Bacteroides fragilis
sgb_0417	2248890	BIN_UNKNOWN_235_Rikenellaceae
sgb_0550	2285067	BIN_UNKNOWN_170_Succinivibrionaceae
sgb_0572	2685836	BIN_UNKNOWN_363_Allobaculum
sgb_0769	1677754	BIN_UNKNOWN_652_Oscillospiraceae
sgb_0610	5992249	BIN_UNKNOWN_268_Bacteroides
sgb_0265	1458844	BIN_UNKNOWN_545_Cellulomonadaceae
sgb_0267	2860053	BIN_Corynebacterium glutamicum
sgb_0562	5276331	BIN_UNKNOWN_750_Eisenbergiella
sgb_0734	2685051	BIN_UNKNOWN_376_Lachnospiraceae
sgb_0548	1787613	BIN_UNKNOWN_722_Synergistaceae
sgb_0321	3147324	BIN_Mammaliicoccus lentus
sgb_0350	1576210	BIN_Paramuribaculum intestinale
sgb_0405	2684106	BIN_UNKNOWN_221_Allobaculum
sgb_0248	3302549	BIN_UNKNOWN_494_Ilumatobacteraceae
sgb_0601	3520575	BIN_UNKNOWN_193_Kineothrix
sgb_0097	1678758	BIN_UNKNOWN_64_Helicobacteraceae
sgb_0029	2051857	BIN_UNKNOWN_769_Lachnospiraceae
sgb_0784	2262146	BIN_UNKNOWN_169_Treponemataceae
sgb_0929	2154573	BIN_UNKNOWN_101_Peptacetobacter
sgb_0973	3048830	BIN_UNKNOWN_339_Lachnospiraceae
sgb_0153	2016794	BIN_UNKNOWN_289_Lachnospiraceae
sgb_0539	1546223	BIN_UNKNOWN_696_Bacteroidaceae
sgb_0357	3144589	BIN_UNKNOWN_671_Bacteroidaceae
sgb_0070	1900115	BIN_UNKNOWN_285_Allobaculum
sgb_0537	1744054	BIN_UNKNOWN_119_Clostridia
sgb_0232	3132267	BIN_UNKNOWN_640_Oceanobacillus
sgb_0318	3199915	BIN_Brachybacterium paraconglomeratum
sgb_0733	2021194	BIN_UNKNOWN_305_Lachnospiraceae
sgb_0036	1946308	BIN_UNKNOWN_516_Lachnospiraceae
sgb_0394	2176432	BIN_UNKNOWN_91_Lachnospiraceae
sgb_0900	2095309	BIN_UNKNOWN_4_Bifidobacterium
sgb_0468	1988971	BIN_UNKNOWN_158_Oscillospiraceae
sgb_0871	2776666	BIN_UNKNOWN_234_Bacteroidales
sgb_0868	766314	BIN_UNKNOWN_537_Bacilli
sgb_0488	1779712	BIN_UNKNOWN_38_Acidaminococcaceae
sgb_0043	1348944	BIN_UNKNOWN_572_Collinsella
sgb_0607	2315364	BIN_UNKNOWN_433
sgb_0218	2477548	
sgb_0051	1518375	BIN_UNKNOWN_577_Enterococcaceae
sgb_0762	3684661	BIN_UNKNOWN_459_Lysinibacillus
sgb_0177	1469743	BIN_UNKNOWN_728_Longicatena
sgb_0561	1901060	BIN_UNKNOWN_271_Erysipelotrichaceae
sgb_0894	2249398	BIN_UNKNOWN_432_Clostridia
sgb_0710	457770	BIN_UNKNOWN_858_Bacilli
sgb_0109	2321653	BIN_UNKNOWN_470_Intestinimonas
sgb_0420	2475500	BIN_UNKNOWN_584_Acetatifactor
sgb_0536	1864557	BIN_UNKNOWN_90_Clostridia
sgb_0715	4173133	BIN_UNKNOWN_430_Comamonas
sgb_0228	1700553	BIN_UNKNOWN_488_Muribaculaceae
sgb_0332	1021366	BIN_UNKNOWN_795_Breznakia
sgb_0145	1257274	BIN_UNKNOWN_890_Clostridia
sgb_0314	1553687	BIN_UNKNOWN_770_Bacteroidaceae
sgb_0614	2668773	BIN_UNKNOWN_777_Clostridia
sgb_0847	2820755	BIN_UNKNOWN_252_Bacteroidales
sgb_0277	3018589	BIN_Fundicoccus ignavus
sgb_0995	2067488	BIN_UNKNOWN_309_Eggerthellaceae
sgb_0058	1143816	BIN_UNKNOWN_605_Sphaerochaetaceae
sgb_1025	1801689	BIN_UNKNOWN_645_Gemmiger
sgb_0573	1963417	BIN_UNKNOWN_208_Ruminococcaceae
sgb_0399	2998813	BIN_UNKNOWN_730_Muribaculaceae
sgb_0616	2977021	BIN_UNKNOWN_393_Bacilliculturomica
sgb_0154	1628806	BIN_UNKNOWN_224_Ruminococcaceae
sgb_0299	1983246	BIN_UNKNOWN_667_Anaerolineaceae
sgb_0083	2548418	BIN_UNKNOWN_849_Clostridia
sgb_0179	1471188	BIN_UNKNOWN_450_Clostridia
sgb_0971	1372145	BIN_UNKNOWN_758_Lachnospiraceae
sgb_0587	2179130	BIN_UNKNOWN_15_Clostridia
sgb_0541	4644802	BIN_UNKNOWN_465_Thermoguttaceae
sgb_0584	2025382	BIN_UNKNOWN_7_Atopobiaceae
sgb_0577	4974447	BIN_UNKNOWN_501_Lachnospiraceae
sgb_0785	493636	BIN_Dellaglioa algida
sgb_0229	1666895	
sgb_0055	3488747	BIN_UNKNOWN_851_Bacteroidaceae
sgb_0102	2853116	BIN_UNKNOWN_143_Lachnospiraceae
sgb_0484	1196877	BIN_UNKNOWN_865_Fusobacteriaceae
sgb_0855	2656843	BIN_UNKNOWN_110_Clostridia
sgb_0938	1069269	BIN_UNKNOWN_706_Collinsella
sgb_0947	1641447	BIN_UNKNOWN_165_Fusobacteriaceae
sgb_1011	1755945	BIN_Enorma burkinafasonensis
sgb_0346	3438626	BIN_UNKNOWN_191_Prevotella
sgb_0575	2116227	BIN_UNKNOWN_372_Ruminococcaceae
sgb_0977	1913515	BIN_Megasphaera elsdenii
sgb_0221	974777	BIN_UNKNOWN_228_Bacilli
sgb_0147	2672286	BIN_UNKNOWN_773_Alloprevotella
sgb_0379	1717095	BIN_UNKNOWN_613_Amulumruptor
sgb_0582	3062617	BIN_UNKNOWN_102_Lachnospiraceae
sgb_0108	1596332	BIN_UNKNOWN_690_Fusobacteriaceae
sgb_0363	1724621	BIN_UNKNOWN_715_Oscillospiraceae
sgb_0354	1697754	BIN_UNKNOWN_692_Bacteroidales
sgb_0170	1092310	BIN_UNKNOWN_567_Oscillospiraceae
sgb_0196	1428207	BIN_UNKNOWN_398_Clostridia
sgb_0720	6099920	BIN_UNKNOWN_615_Sphingobacterium
sgb_0670	2658710	BIN_UNKNOWN_854_Comamonas
sgb_1018	2500912	BIN_UNKNOWN_54_Lachnospiraceae
sgb_0738	2744991	BIN_UNKNOWN_482_Bacteroidales
sgb_0191	1338890	BIN_UNKNOWN_721_Lachnospiraceae
sgb_0502	1872448	BIN_Weissella confusa
sgb_0352	2327089	BIN_UNKNOWN_882_Kiritimatiellae
sgb_0217	1941970	BIN_Faecalibaculum rodentium
sgb_0732	1639666	BIN_UNKNOWN_259_Ruminococcaceae
sgb_0965	1320199	BIN_UNKNOWN_871_Dysosmobacter
sgb_0609	4297283	BIN_Sporomusa sphaeroides
sgb_0993	3981504	BIN_UNKNOWN_175_Blautia
sgb_0504	1781198	BIN_UNKNOWN_133_Clostridia
sgb_0802	2668575	BIN_UNKNOWN_284_Bacteroidales
sgb_0455	1371559	BIN_UNKNOWN_705_Coprobacillaceae
sgb_0958	2700313	BIN_Gemmiger variabilis C
sgb_0865	3266259	BIN_Desulfovibrio porci
sgb_0529	2100853	BIN_Enterococcus faecalis
sgb_0567	1405671	BIN_UNKNOWN_793_Clostridia
sgb_0483	2820897	BIN_UNKNOWN_310_Bacteroidaceae
sgb_0817	2535942	BIN_UNKNOWN_265_Parabacteroides
sgb_0492	2482412	BIN_UNKNOWN_58_Anaerotignum
sgb_0910	2625782	BIN_UNKNOWN_162_Schaedlerella
sgb_0799	1385334	BIN_UNKNOWN_804_Clostridia
sgb_0040	1899824	BIN_UNKNOWN_828_Lachnospiraceae
sgb_0054	2144356	BIN_UNKNOWN_25_Amulumruptor
sgb_0175	2704104	BIN_Edwardsiella tarda
sgb_0913	1681643	BIN_UNKNOWN_354_Lachnospiraceae
sgb_0650	1576751	BIN_UNKNOWN_549_Negativibacillus
sgb_0744	1575795	BIN_UNKNOWN_835_Clostridia
sgb_0230	3454410	BIN_Saccharopolyspora rectivirgula
sgb_0721	3797937	BIN_UNKNOWN_154_Bacteroides
sgb_0676	4315809	BIN_Ochrobactrum tritici
sgb_0836	1951869	BIN_UNKNOWN_1_Brachyspiraceae
sgb_0903	2098213	BIN_UNKNOWN_643_Faecalimonas
sgb_0146	2010712	BIN_UNKNOWN_330_Lachnospiraceae
sgb_0046	1109117	BIN_Bifidobacterium pseudocatenulatum
sgb_0244	2910745	BIN_UNKNOWN_573_Amaricoccus
sgb_1019	1366841	BIN_UNKNOWN_606_Acidaminococcus
sgb_0279	2691929	BIN_UNKNOWN_385_Brevibacterium
sgb_0808	2140989	BIN_UNKNOWN_313_Clostridia
sgb_0982	1612779	BIN_UNKNOWN_533_Peptococcaceae
sgb_0353	2347591	BIN_UNKNOWN_332_Bacteroidales
sgb_0737	1889176	BIN_UNKNOWN_519_Bacteroidales
sgb_0672	1381845	BIN_UNKNOWN_779_Bacteroides
sgb_0247	2293466	BIN_UNKNOWN_360_Croceibacterium
sgb_0476	1774199	BIN_Ligilactobacillus murinus
sgb_0815	1710743	BIN_UNKNOWN_382_Clostridia
sgb_0034	2617956	BIN_UNKNOWN_604_Blautia
sgb_0356	2529081	BIN_UNKNOWN_850_Acinetobacter
sgb_0032	2051528	BIN_Alistipes putredinis
sgb_0873	2753203	BIN_UNKNOWN_75_Bacteroidales
sgb_0303	2578522	BIN_UNKNOWN_147_Sphaerochaeta
sgb_0419	4355870	BIN_UNKNOWN_838_Lachnospiraceae
sgb_0166	1827217	BIN_UNKNOWN_126_Clostridia
sgb_0429	1532363	BIN_UNKNOWN_788_Bacteroidales
sgb_0632	3764153	BIN_UNKNOWN_325_Bacteroidales
sgb_0688	2229765	BIN_UNKNOWN_834_Phenylobacterium
sgb_0897	1055978	BIN_UNKNOWN_666_Bulleidia
sgb_0317	2555765	BIN_UNKNOWN_335_Rikenellaceae
sgb_0493	2599342	BIN_UNKNOWN_595_Lachnospiraceae
sgb_0241	6852938	BIN_UNKNOWN_607_Haliangium
sgb_0159	1934385	BIN_UNKNOWN_602_Bariatricus
sgb_0911	1934661	BIN_UNKNOWN_20_Negativibacillus
sgb_0556	2275571	BIN_UNKNOWN_771_Clostridiaceae
sgb_0223	1943792	
sgb_0725	3843715	BIN_UNKNOWN_508_Flavobacterium
sgb_0735	1474541	BIN_UNKNOWN_375_Bacteroidales
sgb_0505	2306254	BIN_UNKNOWN_496_Lachnospiraceae
sgb_0290	1577128	BIN_Acinetobacter pseudolwoffii
sgb_0595	1376418	BIN_UNKNOWN_257_Ruminococcaceae
sgb_0310	2220054	BIN_UNKNOWN_497_Weeksellaceae
sgb_0875	2192886	BIN_UNKNOWN_121_Bacteroidales
sgb_0600	2533159	BIN_UNKNOWN_39_Akkermansia
sgb_0061	1335634	BIN_UNKNOWN_587_Clostridia
sgb_0213	1995030	BIN_UNKNOWN_782_Oscillospiraceae
sgb_0250	1518952	BIN_UNKNOWN_518_Megamonas
sgb_0957	2338413	BIN_UNKNOWN_176_Eggerthellaceae
sgb_0138	1728413	BIN_UNKNOWN_735_Muribaculaceae
sgb_0474	1776174	BIN_UNKNOWN_37_Clostridia
sgb_0552	2662364	BIN_UNKNOWN_614_Thermoguttaceae
sgb_0635	2328559	BIN_UNKNOWN_51_Clostridia
sgb_0866	2812830	BIN_UNKNOWN_145_Clostridia
sgb_0633	2008209	BIN_UNKNOWN_746_Lachnoclostridium
sgb_0736	3003741	BIN_UNKNOWN_44_Bacteroidales
sgb_0172	1505469	BIN_UNKNOWN_594_Dubosiella
sgb_0124	1532325	BIN_Collinsella intestinalis
sgb_0641	1504259	BIN_UNKNOWN_425_Bacilli
sgb_0949	2045591	BIN_UNKNOWN_502_Prevotella
sgb_0754	1464147	BIN_UNKNOWN_789_Copromorpha
sgb_0939	1613336	BIN_UNKNOWN_578_Fusobacteriaceae
sgb_0619	4007354	BIN_UNKNOWN_296_Tissierellales
sgb_0759	2345910	BIN_UNKNOWN_146_Ruminococcaceae
sgb_0917	1647556	BIN_UNKNOWN_684_Lawsonibacter
sgb_0797	2334716	BIN_UNKNOWN_231_Gemmiger
sgb_0007	1546624	BIN_UNKNOWN_499_Butyricicoccus
sgb_0224	1163990	BIN_UNKNOWN_683_Bacteroidales
sgb_0435	1548301	BIN_UNKNOWN_579_Bacteroidales
sgb_0143	1287405	BIN_UNKNOWN_821_Sphaerochaetaceae
sgb_0999	2464225	BIN_UNKNOWN_210_Lachnospiraceae
sgb_0766	1981704	BIN_UNKNOWN_242_Lachnospiraceae
sgb_0478	8535201	BIN_UNKNOWN_312_Streptomyces
sgb_0035	2901890	BIN_UNKNOWN_188_Lachnospiraceae
sgb_0908	1047542	BIN_UNKNOWN_636_Helicobacteraceae
sgb_0423	2034904	BIN_UNKNOWN_225_Muribaculaceae
sgb_0485	1921144	BIN_UNKNOWN_763_Lachnospiraceae
sgb_0517	1194766	BIN_UNKNOWN_649_Atopobiaceae
sgb_0398	1356574	BIN_UNKNOWN_713_Lachnospiraceae
sgb_0231	3768694	BIN_UNKNOWN_458_Pseudogracilibacillus
sgb_0458	2024343	BIN_UNKNOWN_678_Lachnospiraceae
sgb_0940	1216185	BIN_UNKNOWN_468_Clostridia
sgb_0178	709468	BIN_UNKNOWN_672_Peptococcaceae
sgb_0364	2119830	BIN_UNKNOWN_73_Bacteroidales
sgb_0206	3774573	BIN_Phocaeicola vulgatus
sgb_0017	1972019	BIN_Butyricicoccus pullicaecorum C
sgb_0099	1355063	BIN_UNKNOWN_830_Fusobacteriaceae
sgb_0388	2879027	BIN_UNKNOWN_272_Prevotella
sgb_0861	1461643	BIN_UNKNOWN_453_Phocea
sgb_0588	4422795	BIN_UNKNOWN_308_Enterocloster
sgb_0406	1338783	BIN_UNKNOWN_493_Parasutterella
sgb_0985	2298933	BIN_UNKNOWN_429_Turicibacter
sgb_0426	1688567	BIN_UNKNOWN_877_Oscillospiraceae
sgb_0365	2559803	BIN_UNKNOWN_725_Oscillospiraceae
sgb_1013	2311591	BIN_UNKNOWN_129_Sutterella
sgb_0469	1684549	BIN_UNKNOWN_847_Collinsella
sgb_0467	1821999	BIN_UNKNOWN_423_Amedibacillus
sgb_0713	3940596	BIN_UNKNOWN_391_Kineothrix
sgb_0898	2537284	BIN_UNKNOWN_547_Blautia
sgb_0499	2371010	BIN_Weissella cibaria
sgb_0273	1912292	BIN_Alistipes shahii
sgb_0602	3538424	BIN_UNKNOWN_47_Gemmiger
sgb_0967	2101249	BIN_UNKNOWN_417_Roseburia
sgb_0530	1750202	BIN_Limosilactobacillus reuteri
sgb_1021	2603873	BIN_UNKNOWN_378_Clostridiaceae
sgb_0717	1364452	BIN_UNKNOWN_759_Lachnospiraceae
sgb_0148	1647649	BIN_UNKNOWN_562_Bacilli
sgb_0119	3456550	BIN_Parabacteroides merdae
sgb_0846	1476768	BIN_UNKNOWN_809_Cloacibacillus
sgb_0261	5035292	BIN_UNKNOWN_322_Steroidobacteraceae
sgb_0296	3091048	BIN_Corynebacterium variabile
sgb_0585	2497329	BIN_UNKNOWN_392_Erysipelatoclostridium
sgb_0833	966019	BIN_Lactobacillus intestinalis
sgb_0489	3931490	BIN_Phocaeicola massiliensis
sgb_0806	1773318	BIN_UNKNOWN_538_Dysosmobacter
sgb_0729	3465078	BIN_UNKNOWN_806_Erysipelotrichaceae
sgb_0651	760639	BIN_UNKNOWN_852_Clostridia
sgb_0955	1936071	BIN_Holdemanella porci
sgb_0382	2529928	BIN_UNKNOWN_819_Bariatricus
sgb_0501	2228466	BIN_UNKNOWN_149_Catenibacterium
sgb_0885	1088049	BIN_Megamonas funiformis
sgb_0186	1445426	BIN_UNKNOWN_873_Clostridia
sgb_0361	2372470	BIN_Faecalimonas umbilicata
sgb_0242	7083753	BIN_UNKNOWN_566_Polyangiaceae
sgb_0526	1573817	BIN_Laribacter hongkongensis
sgb_0790	1082036	BIN_UNKNOWN_720_Fournierella
sgb_0639	1457833	BIN_UNKNOWN_695_Adlercreutzia
sgb_0372	2076862	BIN_UNKNOWN_805_Clostridia
sgb_0253	4180016	BIN_UNKNOWN_244_Vicinamibacterales
sgb_0016	2301548	BIN_UNKNOWN_349_Anaerobutyricum
sgb_0869	1422686	BIN_UNKNOWN_381_Clostridia
sgb_0984	1516830	BIN_UNKNOWN_68_Campylobacteraceae
sgb_1015	1510227	BIN_UNKNOWN_812_Enterocloster
sgb_0333	2094090	BIN_UNKNOWN_591_Eisenbergiella
sgb_0581	1613142	BIN_UNKNOWN_631_Ruminococcaceae
sgb_0383	1333001	BIN_UNKNOWN_619_Acidaminococcaceae
sgb_0630	1824848	BIN_UNKNOWN_801_Desulfovibrionaceae
sgb_0023	1257059	BIN_UNKNOWN_761_Evtepia
sgb_0771	3197096	BIN_UNKNOWN_122_Bacteroidaceae
sgb_0826	2105661	BIN_UNKNOWN_384_Peptostreptococcaceae
sgb_0240	4260824	BIN_UNKNOWN_541_Devosiaceae
sgb_0437	1554384	BIN_UNKNOWN_781_Alloprevotella
sgb_0636	3172730	BIN_Acinetobacter gandensis
sgb_0825	2248319	BIN_UNKNOWN_136_Niameybacter
sgb_0643	2595190	BIN_UNKNOWN_446_Bilophila
sgb_0521	2858134	BIN_UNKNOWN_503_Emergencia
sgb_0479	1409154	BIN_UNKNOWN_686_Bariatricus
sgb_0294	3331644	BIN_UNKNOWN_157_Hydrogenophaga
sgb_0598	2343577	BIN_UNKNOWN_186_Akkermansia
sgb_0613	2611149	BIN_UNKNOWN_742_Tannerellaceae
sgb_0752	2403371	BIN_UNKNOWN_112_Clostridia
sgb_0285	2393150	BIN_UNKNOWN_754_Thermoactinomyces
sgb_0009	1672370	BIN_UNKNOWN_555_Acutalibacter
sgb_0843	1246403	BIN_UNKNOWN_226_Bacilli
sgb_0677	3728098	BIN_Taishania pollutisoli
sgb_0935	1326095	BIN_Allisonella histaminiformans
sgb_0053	2574987	BIN_Muribaculum gordoncarteri
sgb_0001	2370862	BIN_UNKNOWN_59_Eisenbergiella
sgb_0301	2293779	BIN_UNKNOWN_168_Rikenellaceae
sgb_0549	2385636	BIN_UNKNOWN_41_Bacteroidota
sgb_0500	1810205	BIN_UNKNOWN_820_Holdemanella
sgb_0975	2810629	BIN_UNKNOWN_256_Blautia
sgb_0415	2018726	BIN_UNKNOWN_597_Bacteroidaceae
sgb_0617	706573	BIN_UNKNOWN_651_Malacoplasma
sgb_0373	1757047	BIN_UNKNOWN_583_Ruminococcaceae
sgb_0416	2675084	BIN_UNKNOWN_656_Muribaculaceae
sgb_0760	4341562	BIN_UNKNOWN_394_Pseudomonadaceae
sgb_0509	1269296	BIN_UNKNOWN_845_Parolsenella
sgb_0922	1304522	BIN_UNKNOWN_833_Collinsella
sgb_0396	2095094	BIN_UNKNOWN_477_Oribacterium
sgb_0642	2752498	
sgb_0811	1579481	BIN_UNKNOWN_438_Coriobacteriales
sgb_0400	1830909	BIN_UNKNOWN_798_Muribaculaceae
sgb_0777	2564323	BIN_UNKNOWN_767_Lachnospiraceae
sgb_0137	2036653	BIN_UNKNOWN_866_Oscillospiraceae
sgb_0219	899369	BIN_UNKNOWN_616_Bacilli
sgb_0697	1656040	BIN_UNKNOWN_644_Angelakisella
sgb_0078	993543	BIN_UNKNOWN_679_Anaerofilum
sgb_0127	1203525	BIN_UNKNOWN_365_Erysipelotrichaceae
sgb_0298	2721355	BIN_UNKNOWN_185_Desulfobulbus
sgb_0662	3716138	BIN_UNKNOWN_87_Odoribacter
sgb_0874	1503662	BIN_UNKNOWN_661_Oscillospiraceae
sgb_0220	1506906	BIN_UNKNOWN_642_Prevotella
sgb_0834	1434342	BIN_UNKNOWN_447_Ligilactobacillus
sgb_0956	1781099	BIN_UNKNOWN_350_Faecalimonas
sgb_0091	4439480	BIN_UNKNOWN_71_Citrobacter
sgb_0342	3014968	BIN_UNKNOWN_194_Sodaliphilus
sgb_0570	3458181	BIN_UNKNOWN_88_Sphaerochaetaceae
sgb_0583	2484455	BIN_Phocaeicola coprocola
sgb_0905	1912711	BIN_UNKNOWN_42_Atopobiaceae
sgb_0731	2911982	BIN_UNKNOWN_680_Coprobacillaceae
sgb_1009	1625882	BIN_UNKNOWN_469_Coriobacteriaceae
sgb_0077	1608986	BIN_UNKNOWN_796_Allobaculum
sgb_0160	2498959	BIN_UNKNOWN_341_Peptococcaceae
sgb_0328	2338269	BIN_UNKNOWN_334_Muribaculaceae
sgb_1003	2522383	BIN_UNKNOWN_116_Lawsonibacter
sgb_0668	1761916	BIN_Pediococcus pentosaceus
sgb_1008	2431876	BIN_UNKNOWN_282_Lachnospiraceae
sgb_0515	4457075	BIN_Shewanella algae
sgb_0375	1307749	BIN_UNKNOWN_774_Clostridia
sgb_0327	2269186	BIN_UNKNOWN_463_Treponemataceae
sgb_0506	1954422	BIN_UNKNOWN_295_Faecalibacterium
sgb_0814	1773589	BIN_UNKNOWN_500_Ruminococcus
sgb_0198	1231278	BIN_UNKNOWN_766_Clostridia
sgb_0165	1393150	BIN_UNKNOWN_582_Clostridia
sgb_0994	1592185	BIN_UNKNOWN_478_Eggerthellaceae
sgb_0629	3260797	BIN_UNKNOWN_435_Bacteroidales
sgb_0090	1242340	BIN_UNKNOWN_658_Burkholderiaceae
sgb_0443	955772	BIN_UNKNOWN_875_Oscillospiraceae
sgb_0839	1823503	BIN_UNKNOWN_424_Paraprevotella
sgb_0989	1313287	BIN_UNKNOWN_737_Desulfovibrio
sgb_0831	1463527	BIN_UNKNOWN_475_Collinsella
sgb_0998	5608721	BIN_UNKNOWN_694_Blautia
sgb_0906	2410226	BIN_UNKNOWN_480_Clostridia
sgb_0201	1297314	BIN_UNKNOWN_610_Erysipelotrichaceae
sgb_0039	1617687	BIN_UNKNOWN_464_Dysosmobacter
sgb_0216	818255	BIN_UNKNOWN_717_Negativibacillus
sgb_0307	1611274	BIN_UNKNOWN_740_Sphaerochaeta
sgb_0986	878000	BIN_UNKNOWN_749_Clostridia
sgb_0669	2653557	BIN_UNKNOWN_192_Alcanivoracaceae
sgb_0681	2422179	BIN_UNKNOWN_704_Parapedobacter
sgb_0131	2132833	BIN_UNKNOWN_418_Phocaeicola
sgb_0862	2358082	BIN_UNKNOWN_331_Clostridia
sgb_0208	1535259	BIN_UNKNOWN_876_Terrisporobacter
sgb_0110	2183075	BIN_UNKNOWN_249_Muribaculaceae
sgb_0658	2643927	BIN_UNKNOWN_752_Lachnospiraceae
sgb_0075	1943331	BIN_UNKNOWN_351_Muribaculaceae
sgb_0622	3044740	BIN_Eggerthella lenta
sgb_0706	1493447	BIN_UNKNOWN_731_Sutterella
sgb_0773	3028065	BIN_UNKNOWN_166_Treponemataceae
sgb_0850	1925620	BIN_UNKNOWN_303_Oscillospiraceae
sgb_0746	1583539	BIN_UNKNOWN_484_Clostridia
sgb_0649	1948612	BIN_Cloacibacillus porcorum
sgb_0952	1625472	BIN_UNKNOWN_26_Acidaminococcaceae
sgb_0304	2750038	BIN_UNKNOWN_408_Fermentimonas
sgb_0225	1640302	BIN_UNKNOWN_823_Oscillospiraceae
sgb_0623	3665157	BIN_UNKNOWN_802_Bacteroides
sgb_0449	2758562	BIN_Parabacteroides distasonis
sgb_0276	3313784	BIN_Dysgonomonas massiliensis
sgb_0448	1033887	BIN_UNKNOWN_442_Bacteroidales
sgb_0025	674780	BIN_UNKNOWN_682_Sutterella
sgb_1000	1848485	BIN_Bifidobacterium pseudolongum
sgb_0480	1332578	BIN_UNKNOWN_632_Enterococcaceae
sgb_0804	3481523	BIN_UNKNOWN_860_Oscillospiraceae
sgb_1024	1514095	BIN_UNKNOWN_581_Acutalibacter
sgb_0805	2292406	BIN_UNKNOWN_277_Phocaeicola
sgb_1010	1880724	BIN_UNKNOWN_625_Prevotella
sgb_0551	1550368	BIN_UNKNOWN_187_Acidaminococcaceae
sgb_0508	2129680	BIN_Lactococcus lactis
sgb_0006	1643558	BIN_UNKNOWN_874_Lachnospiraceae
sgb_0943	1428561	BIN_UNKNOWN_646_Bulleidia
sgb_0555	2390773	BIN_UNKNOWN_94_Kiritimatiellae
sgb_0822	1177559	BIN_UNKNOWN_554_Ligilactobacillus
sgb_0543	1752034	BIN_UNKNOWN_790_Clostridia
sgb_0867	3213906	BIN_UNKNOWN_327_Clostridia
sgb_0472	1759555	BIN_Allobaculum stercoricanis
sgb_0542	4187386	BIN_UNKNOWN_366_Thermoguttaceae
sgb_0098	2256116	BIN_UNKNOWN_159_Lachnospiraceae
sgb_0522	1439403	BIN_UNKNOWN_532_Methanomassiliicoccaceae
sgb_1022	3388265	BIN_Bacteroides xylanisolvens
sgb_0008	2267189	BIN_UNKNOWN_211_Clostridia
sgb_0545	3959848	BIN_UNKNOWN_481_Thermoguttaceae
sgb_0422	1058654	BIN_UNKNOWN_491_Kiritimatiellae
sgb_0427	1798545	BIN_UNKNOWN_889_Turicibacter
sgb_0195	2582156	BIN_UNKNOWN_195_Muribaculaceae
sgb_0495	980286	BIN_UNKNOWN_669_Fusobacteriaceae
sgb_0496	3463278	
sgb_0707	2920349	BIN_UNKNOWN_343_Bacteroidaceae
sgb_0268	2563966	BIN_Corynebacterium xerosis
sgb_0691	6568732	BIN_UNKNOWN_542_Enterocloster
sgb_0403	1551218	BIN_UNKNOWN_707_Muribaculaceae
sgb_0857	1933074	BIN_UNKNOWN_576_Clostridia
sgb_0916	1711111	BIN_UNKNOWN_886_Fusobacteriaceae
sgb_0214	2023120	BIN_UNKNOWN_451_Clostridia
sgb_0092	1827170	BIN_UNKNOWN_181_Helicobacteraceae
sgb_0919	1305012	BIN_UNKNOWN_712_Eggerthellaceae
sgb_0969	2317996	BIN_Mediterraneibacter torques
sgb_0004	1878052	BIN_UNKNOWN_403_Oscillospiraceae
sgb_0319	2545499	BIN_Staphylococcus arlettae
sgb_0921	1497831	BIN_UNKNOWN_261_Oscillospiraceae
sgb_0918	2881057	BIN_UNKNOWN_389_Coriobacteriales
sgb_0251	2296892	BIN_UNKNOWN_319_Erysipelotrichaceae
sgb_0136	2381690	BIN_UNKNOWN_511_Bacteroides
sgb_0072	2243521	BIN_Victivallis lenta
sgb_0560	2766128	BIN_UNKNOWN_612_Intestinimonas
sgb_0397	2392000	BIN_UNKNOWN_213_Clostridia
sgb_0807	1763768	BIN_UNKNOWN_196_Clostridia
sgb_0923	1401275	BIN_UNKNOWN_589_Atopobiaceae
sgb_0970	2483258	BIN_Anaerotruncus colihominis
sgb_0236	2362220	BIN_Melghirimyces thermohalophilus
sgb_0444	1969257	BIN_UNKNOWN_675_Eremiobacterota
sgb_0202	1018622	BIN_UNKNOWN_855_Granulicatella
sgb_0687	3990676	BIN_UNKNOWN_348_Stenotrophomonas
sgb_0386	2831340	BIN_UNKNOWN_681_Prevotella
sgb_0204	1136886	BIN_UNKNOWN_783_Erysipelotrichaceae
sgb_0801	1754550	BIN_UNKNOWN_123_Lachnospiraceae
sgb_0620	3408031	BIN_UNKNOWN_315_Bacteroidales
sgb_0142	1132893	BIN_UNKNOWN_816_Clostridia
sgb_0893	1076672	BIN_Bifidobacterium adolescentis
sgb_0490	1194165	BIN_Streptococcus gallolyticus
sgb_0385	2323981	BIN_UNKNOWN_273_Treponemataceae
sgb_0115	2743349	BIN_Phocaeicola coprophilus
sgb_0907	1670182	BIN_Collinsella bouchesdurhonensis
sgb_0246	2411275	BIN_UNKNOWN_456_Actinotalea
sgb_0503	1838259	BIN_UNKNOWN_85_Streptococcus
sgb_0295	1494191	BIN_UNKNOWN_368_Ruminococcaceae
sgb_0118	3564839	BIN_Bacteroides uniformis
sgb_0972	1037277	BIN_UNKNOWN_710_Lachnospiraceae
sgb_0711	4649266	BIN_UNKNOWN_31_Citrobacter
sgb_0022	4342003	BIN_Bacteroides finegoldii
sgb_0315	2543697	BIN_UNKNOWN_66_Bacteroidales
sgb_0594	2514189	BIN_UNKNOWN_811_Clostridia
sgb_0566	3007916	
sgb_0507	2148115	BIN_Lactococcus taiwanensis
sgb_0739	2677731	BIN_UNKNOWN_379_Parabacteroides
sgb_0111	1334854	BIN_UNKNOWN_734_Alloprevotella
sgb_0126	1711637	BIN_UNKNOWN_142_Oscillospiraceae
sgb_0914	1642427	BIN_UNKNOWN_629_Clostridia
sgb_0714	3848306	BIN_UNKNOWN_448_Stenotrophomonas
sgb_0991	3803578	BIN_Enterocloster bolteae
sgb_0689	2849615	BIN_UNKNOWN_29_Akkermansia
sgb_0574	1630098	BIN_UNKNOWN_698_Clostridia
sgb_0463	1897194	BIN_UNKNOWN_657_Collinsella
sgb_0438	3166828	BIN_UNKNOWN_260_Bacteroidales
sgb_0020	3163906	BIN_UNKNOWN_82_Eisenbergiella
sgb_0933	1023596	BIN_UNKNOWN_702_Helicobacteraceae
sgb_0324	2854825	BIN_UNKNOWN_174_Lachnospiraceae
sgb_0978	2787773	BIN_UNKNOWN_164_Sellimonas
sgb_0384	2057248	BIN_UNKNOWN_428_Allobaculum
sgb_0445	1282629	BIN_UNKNOWN_76_Acidaminococcaceae
sgb_0959	2742417	BIN_Prevotella copri
sgb_0113	1849370	BIN_UNKNOWN_247_Collinsella
sgb_0718	1407787	BIN_UNKNOWN_53_Erysipelotrichaceae
sgb_0657	3639190	BIN_UNKNOWN_571_Oscillospiraceae
sgb_0252	4500244	BIN_UNKNOWN_358_Cyclobacteriaceae
sgb_0164	1932493	BIN_UNKNOWN_336_Lachnospiraceae
sgb_0781	2168550	BIN_UNKNOWN_60_Bacteroidales
sgb_0647	4157076	BIN_UNKNOWN_653_Kineothrix
sgb_0409	1320241	BIN_UNKNOWN_836_Paramuribaculum
sgb_0392	2137217	BIN_Faecalibacterium prausnitzii C
sgb_0105	1222094	BIN_Anaerobiospirillum succiniciproducens
sgb_0686	2126468	BIN_UNKNOWN_540_Flavobacterium
sgb_0234	3102263	BIN_UNKNOWN_56_Bacilli
sgb_0457	2509417	BIN_UNKNOWN_278_Faecalimonas
sgb_0603	3915280	BIN_UNKNOWN_109_Lachnospiraceae
sgb_0281	2477236	BIN_UNKNOWN_829_Flavimobilis
sgb_0838	1755154	BIN_UNKNOWN_687_Lachnospiraceae
sgb_0974	2657736	BIN_UNKNOWN_292_Oliverpabstia
sgb_0527	2291449	BIN_UNKNOWN_93_Bacteroidales
sgb_0954	828707	BIN_Clostridium thermobutyricum
sgb_0362	2235738	BIN_UNKNOWN_113_Schaedlerella
sgb_0010	2094481	BIN_UNKNOWN_317_Lachnospiraceae
sgb_0180	1278201	BIN_UNKNOWN_49_Erysipelotrichaceae
sgb_0436	1452721	BIN_UNKNOWN_600_Oscillospiraceae
sgb_0531	2603882	BIN_UNKNOWN_89_Oscillospiraceae
sgb_0554	1461546	BIN_UNKNOWN_311_Methanobacteriaceae
sgb_0064	1732859	BIN_UNKNOWN_21_Alphaproteobacteria
sgb_0173	1501965	BIN_UNKNOWN_69_Erysipelotrichaceae
sgb_0292	3037640	BIN_UNKNOWN_764_Chiayiivirga
sgb_0700	3839665	BIN_Comamonas testosteroni
sgb_0698	3619682	BIN_UNKNOWN_357_Bacteroidales
sgb_0470	1372315	BIN_UNKNOWN_467_Holdemanella
sgb_0684	4372762	BIN_Sphingobacterium mizutaii
sgb_0934	1775164	BIN_Butyricicoccus pullicaecorum
sgb_0411	2217747	BIN_UNKNOWN_201_Paramuribaculum
sgb_0049	2473844	BIN_UNKNOWN_522_Phocaeicola
sgb_0014	1993484	BIN_UNKNOWN_12_Anaerovibrio
sgb_0856	3079656	BIN_UNKNOWN_565_Clostridiales
sgb_0730	2218171	BIN_UNKNOWN_46_Breznakia
sgb_0459	2395311	BIN_UNKNOWN_367_Faecalitalea
sgb_0553	2841594	BIN_UNKNOWN_161_Clostridia
sgb_0245	4882863	BIN_UNKNOWN_504_Aggregatilineales
sgb_0358	320724	BIN_UNKNOWN_745_Nanosyncoccus
sgb_0473	1806738	BIN_UNKNOWN_352_Dysosmobacter
sgb_0471	2710361	BIN_UNKNOWN_258_Lachnospiraceae
sgb_0366	1803362	BIN_UNKNOWN_105_Clostridia
sgb_0235	4193145	BIN_UNKNOWN_395_Bacilli
sgb_0047	3110134	BIN_Duncaniella dubosii
sgb_0892	1011069	BIN_Bifidobacterium adolescentis
sgb_0293	1950778	BIN_UNKNOWN_490_Treponemataceae
sgb_0851	2324454	BIN_UNKNOWN_842_Clostridia
sgb_0920	1826801	BIN_UNKNOWN_693_Lachnospiraceae
sgb_0456	2098310	BIN_UNKNOWN_700_Fusobacteriaceae
sgb_0203	1633441	BIN_UNKNOWN_222_Lachnospiraceae
sgb_0679	4020748	BIN_UNKNOWN_568_Sphingopyxis
sgb_0197	2122218	
sgb_0859	2356700	BIN_UNKNOWN_138_Neisseria
sgb_0057	1260321	BIN_UNKNOWN_729_Lachnospiraceae
sgb_0987	2366574	BIN_Thermophilibacter provencensis
sgb_0374	2541252	BIN_UNKNOWN_269_Ruminococcaceae
sgb_0370	1985513	BIN_UNKNOWN_189_Oscillospiraceae
sgb_0879	1732500	BIN_UNKNOWN_132_Oscillospiraceae
sgb_0306	2399557	BIN_UNKNOWN_364_Allobaculum
sgb_0259	2525586	BIN_UNKNOWN_878_Cellulomonadaceae
sgb_0778	935881	BIN_UNKNOWN_747_Oscillospiraceae
sgb_0646	4738272	BIN_UNKNOWN_630_Lachnospiraceae
sgb_0980	2465292	BIN_Dysosmobacter welbionis
sgb_0888	2013626	BIN_Acidaminococcus intestini
sgb_0181	2264664	BIN_UNKNOWN_817_Bariatricus
sgb_0627	3121592	BIN_UNKNOWN_506_Bacteroidales
sgb_0516	2263373	BIN_UNKNOWN_304_Clostridia
sgb_0466	2333474	BIN_UNKNOWN_486_Fusobacteriaceae
sgb_0764	2660313	BIN_UNKNOWN_539_Clostridia
sgb_0557	2660063	BIN_UNKNOWN_118_Bacteroidales
sgb_0432	1102641	BIN_UNKNOWN_762_Lachnospiraceae
sgb_0810	1453470	BIN_UNKNOWN_248_Clostridia
sgb_0044	1800554	BIN_UNKNOWN_881_Fusobacteriaceae
sgb_0440	1587073	BIN_UNKNOWN_19_Paludibacteraceae
sgb_0359	3344408	BIN_UNKNOWN_373_Lachnospiraceae
sgb_0139	2057996	BIN_UNKNOWN_588_Mucispirillum
sgb_0648	2603243	BIN_UNKNOWN_215_Prevotella
sgb_0205	972576	BIN_UNKNOWN_534_Dysosmobacter
sgb_0371	1221765	BIN_UNKNOWN_837_Muribaculaceae
sgb_0288	3115521	BIN_UNKNOWN_108_Bacilli
sgb_0558	1247187	BIN_UNKNOWN_173_Clostridia
sgb_0828	1300743	BIN_UNKNOWN_232_Clostridia
sgb_0612	1597015	BIN_UNKNOWN_383_Clostridia
sgb_0571	1709178	BIN_UNKNOWN_727_Clostridia
sgb_0262	3499483	BIN_UNKNOWN_827_Clostridium
sgb_0750	2562743	BIN_UNKNOWN_359_Lachnospiraceae
sgb_0071	2615873	BIN_UNKNOWN_79_Allobaculum
sgb_0742	3180125	BIN_UNKNOWN_361_Fibrobacter
sgb_0460	2343894	BIN_Phascolarctobacterium faecium
sgb_0287	3014526	BIN_UNKNOWN_3_Bacteroides
sgb_0316	2585045	BIN_UNKNOWN_473_Geofilum
sgb_0827	2933684	BIN_UNKNOWN_156_Clostridiaceae
sgb_0775	1397292	BIN_UNKNOWN_16_Clostridia
sgb_0535	2828069	BIN_UNKNOWN_2_Akkermansia
sgb_0282	634038	BIN_UNKNOWN_454_Nanosynbacter
sgb_0514	1591126	BIN_UNKNOWN_673_Myxococcales
sgb_0207	1690668	BIN_UNKNOWN_863_Oscillospiraceae
sgb_0946	1938095	BIN_UNKNOWN_512_Clostridia
sgb_0269	2398364	BIN_UNKNOWN_559_Planifilum
sgb_0076	1947965	BIN_UNKNOWN_356_Dubosiella
sgb_0497	2093424	BIN_UNKNOWN_402_Eggerthellaceae
sgb_0590	2796200	BIN_UNKNOWN_163_Clostridia
sgb_0592	2112366	BIN_UNKNOWN_574_Ruminococcaceae
sgb_0491	2072567	BIN_UNKNOWN_177_Fusobacteriaceae
sgb_0168	1383973	BIN_UNKNOWN_377_Erysipelotrichaceae
sgb_0701	6905018	BIN_UNKNOWN_180_Parabacteroides
sgb_0243	3164766	BIN_UNKNOWN_264_Gemmatimonadales
sgb_1014	1382142	BIN_UNKNOWN_755_Lachnospiraceae
sgb_0157	1576228	BIN_UNKNOWN_544_Oscillospiraceae
sgb_0981	1610049	BIN_UNKNOWN_601_Gemmiger
sgb_0335	1343761	BIN_UNKNOWN_635_Oscillospiraceae
sgb_0477	1458639	BIN_UNKNOWN_780_Faecalitalea
sgb_0414	2603188	BIN_UNKNOWN_390_Ileibacterium
sgb_0162	1653645	BIN_UNKNOWN_172_Duodenibacillus
sgb_0300	2443631	BIN_UNKNOWN_407_Treponemataceae
sgb_0927	1365433	BIN_UNKNOWN_431_Thermophilibacter
sgb_0377	4328435	BIN_UNKNOWN_8_Prevotella
sgb_0272	1464145	BIN_UNKNOWN_340_Clostridia
sgb_0331	2668012	BIN_UNKNOWN_183_Ruminococcus
sgb_0082	865376	BIN_Ligilactobacillus animalis
sgb_0408	2624003	BIN_UNKNOWN_841_Paramuribaculum
sgb_0705	2254158	BIN_UNKNOWN_880_Pseudoflavonifractor
sgb_1026	2308918	BIN_UNKNOWN_198_Emergencia
sgb_0026	2086614	BIN_Alistipes dispar
sgb_0320	3320245	BIN_Brevibacterium epidermidis
sgb_0748	1718617	BIN_UNKNOWN_48_Lachnospiraceae
sgb_0683	1144579	BIN_UNKNOWN_421_Alphaproteobacteria
sgb_0011	2755010	BIN_UNKNOWN_472_Lachnospiraceae
sgb_0116	2855615	BIN_Flavonifractor plautii
sgb_0896	2055089	BIN_Dorea formicigenerans
sgb_0059	2412505	BIN_UNKNOWN_137_Rikenellaceae
sgb_0074	1220670	BIN_Bifidobacterium animalis
sgb_0660	3544675	BIN_UNKNOWN_316_Anaerostipes
sgb_0258	1981572	BIN_UNKNOWN_723_Brevundimonas
sgb_0462	2326908	BIN_UNKNOWN_462_Faecalimonas
sgb_0257	2796469	BIN_UNKNOWN_864_Woeseiaceae
sgb_0341	2821463	BIN_UNKNOWN_867_Clostridia
sgb_0926	2634479	BIN_Fusicatenibacter saccharivorans
sgb_0033	2355584	BIN_Blautia argi
sgb_0870	3009836	BIN_UNKNOWN_445_Fusobacteriaceae
sgb_0176	1847668	BIN_UNKNOWN_182_Erysipelotrichaceae
sgb_0682	2865260	BIN_UNKNOWN_151_Brevundimonas
sgb_0120	1483785	BIN_UNKNOWN_785_Fusobacteriaceae
sgb_0925	1213208	BIN_UNKNOWN_461_Chlamydiaceae
sgb_0069	1994955	BIN_UNKNOWN_209_Lachnospira
sgb_0756	1908943	BIN_UNKNOWN_50_Acidaminococcaceae
sgb_0624	2648406	BIN_UNKNOWN_776_Parabacteroides
sgb_0431	1561569	BIN_UNKNOWN_529_Clostridia
sgb_0774	653603	BIN_UNKNOWN_711_Clostridia
sgb_0533	1555635	BIN_UNKNOWN_203_Clostridia
sgb_0121	881171	BIN_UNKNOWN_409_Bacilli
sgb_1007	2226831	BIN_UNKNOWN_797_Coriobacteriaceae
sgb_0068	1742697	BIN_UNKNOWN_5_Acidaminococcaceae
sgb_0199	1238179	BIN_UNKNOWN_507_Clostridia
sgb_0883	1431138	BIN_UNKNOWN_676_Prevotella
sgb_0141	769737	BIN_UNKNOWN_815_Clostridia
sgb_0988	2431135	BIN_UNKNOWN_846_Blautia
sgb_0185	1077401	BIN_UNKNOWN_824_Lachnospiraceae
sgb_0088	2478091	BIN_Citrobacter gillenii
GCF_001244495.1_Clostridium_phoceensis_genomic	3453778	
GCF_002874775.1_ASM287477v1_genomic	2759678	
GCF_003609995.1_ASM360999v1_genomic	2725161	
GCF_002234575.2_ASM223457v2_genomic	6614036	
GCF_001856695.1_ASM185669v1_genomic	4351863	
GCF_900103815.1_IMG-taxon_2657245269_annotated_assembly_genomic	2704308	
GCF_018292205.1_ASM1829220v1_genomic	5499725	
GCF_002160355.1_ASM216035v1_genomic	2997778	
GCF_001552035.1_ASM155203v1_genomic	2079123	
GCF_019704535.1_ASM1970453v1_genomic	4545686	
GCF_000007625.1_ASM762v1_genomic	2873333	
GCF_020450145.1_ASM2045014v1_genomic	4246123	
GCF_900119915.1_PRJEB16351_genomic	2176737	
GCF_001434665.1_ASM143466v1_genomic	2173857	
GCF_000284635.1_ASM28463v1_genomic	2101402	
GCF_003013675.1_ASM301367v1_genomic	5438826	
GCF_001403635.1_Clostridium_massilioamazoniensis_genomic	3732966	
GCF_002290025.1_ASM229002v1_genomic	2646250	
GCF_014466955.1_ASM1446695v1_genomic	7892862	
GCF_900453865.1_50279_H02_genomic	4253607	
GCF_000374585.1_ASM37458v1_genomic	3619906	
GCF_000194115.1_ASM19411v1_genomic	1977087	
GCF_024622975.1_ASM2462297v1_genomic	4093107	
GCF_013315815.1_ASM1331581v1_genomic	1989979	
GCF_001878675.1_ASM187867v1_genomic	3917759	
GCF_003149245.1_ASM314924v1_genomic	5717637	
GCF_020735465.1_ASM2073546v1_genomic	2460750	
GCF_022832545.1_ASM2283254v1_genomic	2023484	
GCF_003288115.1_ASM328811v1_genomic	2290452	
GCF_000373085.1_ASM37308v1_genomic	4510688	
GCF_019930665.1_ASM1993066v1_genomic	5678582	
GCF_020091505.1_ASM2009150v1_genomic	6352228	
GCF_018128205.1_ASM1812820v1_genomic	3106544	
GCF_006094375.1_ASM609437v1_genomic	2491058	
GCF_011040435.1_ASM1104043v1_genomic	5313922	
GCF_014337235.1_ASM1433723v1_genomic	3879051	
GCF_004684345.1_ASM468434v1_genomic	4946572	
GCF_002201475.1_ASM220147v1_genomic	3802913	
GCF_011617705.1_ASM1161770v1_genomic	4253182	
GCF_000006765.1_ASM676v1_genomic	6264404	
GCF_900096675.1_R.p.6600698_assembly_genomic	7202111	
GCF_000006925.2_ASM692v2_genomic	4828820	
GCF_011617465.1_ASM1161746v1_genomic	3913130	
GCF_009193325.2_ASM919332v2_genomic	5320612	
GCF_000526375.1_ASM52637v1_genomic	3223212	
GCF_902373805.1_MGYG-HGUT-01319_genomic	2496039	
GCF_000210095.1_ASM21009v1_genomic	2573208	
GCF_014218355.1_ASM1421835v1_genomic	5621910	
GCF_014169735.1_ASM1416973v1_genomic	4565788	
GCF_008693645.1_ASM869364v1_genomic	5049303	
GCF_002233755.1_ASM223375v1_genomic	3576146	
GCF_004347775.1_ASM434777v1_genomic	4804510	
GCF_002243645.1_ASM224364v1_genomic	5645783	
GCF_000024565.1_ASM2456v1_genomic	1673280	
GCF_017498585.1_ASM1749858v1_genomic	2799835	
GCF_000145035.1_ASM14503v1_genomic	4404886	
GCF_018128265.1_ASM1812826v1_genomic	4411608	
GCF_000160475.1_ASM16047v1_genomic	2615003	
GCF_003999335.1_ASM399933v1_genomic	3814300	
GCF_900240315.1_PRJEB22820_genomic	2467622	
GCF_008868535.1_ASM886853v1_genomic	1873142	
GCF_900088145.1_Acinetobacter_lwoffi_F78_genomic	3031971	
GCF_000468955.1_ASM46895v1_genomic	2427048	
GCF_018408575.1_ASM1840857v1_genomic	2557760	
GCF_002891025.1_ASM289102v1_genomic	4537641	
GCF_002356295.1_ASM235629v1_genomic	5718991	
GCF_002209165.2_ASM220916v2_genomic	2853815	
GCF_001683355.1_ASM168335v1_genomic	3303745	
GCF_009931695.1_ASM993169v1_genomic	5500435	
GCF_005601135.1_ASM560113v1_genomic	2440231	
GCF_015277515.1_ASM1527751v1_genomic	2163714	
GCF_013305055.1_ASM1330505v1_genomic	3438307	
GCF_017724035.1_ASM1772403v1_genomic	5120436	
GCF_900478165.1_48290_A02_genomic	4384366	
GCF_006337085.1_ASM633708v1_genomic	2987884	
GCF_001262015.1_ASM126201v1_genomic	3261806	
GCF_023714665.1_ASM2371466v1_genomic	5270304	
GCF_014163495.1_ASM1416349v1_genomic	3095585	
GCF_014982935.1_ASM1498293v1_genomic	2922609	
GCF_000389675.2_ASM38967v2_genomic	1991579	
GCF_014643835.1_ASM1464383v1_genomic	6646938	
GCF_013374815.1_ASM1337481v1_genomic	4762774	
GCF_014467055.1_ASM1446705v1_genomic	2996201	
GCF_000468015.1_ASM46801v1_genomic	3096487	
GCF_019355955.1_ASM1935595v1_genomic	4599109	
GCF_018223745.1_ASM1822374v1_genomic	5950247	
GCF_000521725.1_ASM52172v1_genomic	2340975	
GCF_001444445.1_ASM144444v1_genomic	2861432	
GCF_000191145.1_ASM19114v1_genomic	3862530	
GCF_900141825.1_IMG-taxon_2585428087_annotated_assembly_genomic	3420924	
GCF_000007925.1_ASM792v1_genomic	1751080	
GCF_900176335.1_IMG-taxon_2588254267_annotated_assembly_genomic	2890610	
GCF_000807675.2_ASM80767v2_genomic	4422837	
GCF_019734885.1_ASM1973488v1_genomic	3599035	
GCF_004355185.1_ASM435518v1_genomic	4918966	
GCF_902364025.1_MGYG-HGUT-00172_genomic	6502696	
GCF_900105025.1_IMG-taxon_2636416177_annotated_assembly_genomic	2353193	
GCF_900636675.1_43781_F01_genomic	6407029	
GCF_900015215.1_CRIB_assembly_V1_genomic	2588193	
GCF_002216775.1_ASM221677v1_genomic	4071214	
GCF_003812345.1_ASM381234v1_genomic	5102161	
GCF_000146185.1_ASM14618v1_genomic	2831389	
GCF_011405655.1_ASM1140565v1_genomic	2908404	
GCF_004771075.1_ASM477107v1_genomic	2216758	
GCF_000424025.1_ASM42402v1_genomic	3561289	
GCF_002243135.1_ASM224313v1_genomic	1838801	
GCF_000023405.1_ASM2340v1_genomic	3614992	
GCF_016724805.1_ASM1672480v1_genomic	3026517	
GCF_001558935.2_ASM155893v2_genomic	5084037	
GCF_012273055.1_ASM1227305v1_genomic	5112778	
GCF_000009085.1_ASM908v1_genomic	1641481	
GCF_003732525.1_ASM373252v1_genomic	2288480	
GCF_016026695.1_ASM1602669v1_genomic	2084337	
GCF_002568625.1_ASM256862v1_genomic	8918539	
GCF_003355475.1_ASM335547v1_genomic	3720646	
GCF_003020795.1_ASM302079v1_genomic	3640519	
GCF_015560805.1_ASM1556080v1_genomic	3000221	
GCF_900119895.1_PRJEB18019_genomic	2105457	
GCF_006542665.1_Acom_1.0_genomic	3301347	
GCF_000008445.1_ASM844v1_genomic	5503926	
GCF_000428125.1_ASM42812v1_genomic	3633399	
GCF_008151785.1_ASM815178v1_genomic	2521899	
GCF_001689125.2_ASM168912v2_genomic	5128746	
GCF_900461315.1_49699_G01_genomic	5309474	
GCF_000973085.1_ASM97308v1_genomic	1330224	
GCF_000154525.1_ASM15452v1_genomic	4009829	
GCF_008245125.1_ASM824512v1_genomic	6428890	
GCF_902375555.1_MGYG-HGUT-01499_genomic	5156194	
GCF_000063585.1_ASM6358v1_genomic	3903260	
GCF_007795095.1_ASM779509v1_genomic	2917404	
GCF_000186225.1_ASM18622v1_genomic	3998906	
GCF_902387845.1_UHGG_MGYG-HGUT-02512_genomic	3906921	
GCF_016117655.1_ASM1611765v1_genomic	2738066	
GCF_902387545.1_UHGG_MGYG-HGUT-02478_genomic	5444912	
GCF_003367905.1_ASM336790v1_genomic	2652760	
GCF_000478885.1_ASM47888v1_genomic	2862526	
GCF_900624755.1_81E7_genomic	3674467	
GCF_900142095.1_IMG-taxon_2700988698_annotated_assembly_genomic	2890486	
GCF_022267555.1_ASM2226755v1_genomic	3906720	
GCF_000009045.1_ASM904v1_genomic	4215606	
GCF_020463755.1_ASM2046375v1_genomic	2426597	
GCF_902859625.1_LMG_3431_genomic	6905829	
GCF_022879635.1_ASM2287963v1_genomic	6174043	
GCF_020790155.1_ASM2079015v1_genomic	2880305	
GCF_003667905.1_ASM366790v1_genomic	5446032	
GCF_003999355.1_ASM399935v1_genomic	1601193	
GCF_000723465.1_Rb803_genomic	2968500	
GCF_009734005.1_ASM973400v2_genomic	2919198	
GCF_016724785.1_ASM1672478v1_genomic	2352222	
GCF_002278015.2_ASM227801v2_genomic	2845651	
GCF_001936235.1_ASM193623v1_genomic	1672949	
GCF_900458255.1_44343_D01_genomic	2694244	
GCF_014070455.1_ASM1407045v1_genomic	5263177	
GCF_001578075.1_ASM157807v1_genomic	5263219	
GCF_004306555.1_ASM430655v1_genomic	7598116	
GCF_000307345.1_Para_merd_CL03T12C32_V1_genomic	4930620	
GCF_002216795.1_ASM221679v1_genomic	3568502	
GCF_021216675.1_ASM2121667v1_genomic	5691859	
GCF_017255415.1_ASM1725541v1_genomic	3219148	
GCF_000550785.1_ASM55078v1_genomic	3132213	
GCF_000212375.1_ASM21237v1_genomic	2186370	
GCF_002998535.1_ASM299853v1_genomic	3608975	
GCF_000015485.1_ASM1548v1_genomic	3661391	
GCF_001643775.1_ASM164377v1_genomic	2446250	
GCF_003268595.1_ASM326859v1_genomic	3728451	
GCF_900475405.1_44087_C01_genomic	4481118	
GCF_900475675.1_45473_D02_genomic	1793521	
GCF_002370195.2_ASM237019v2_genomic	3488104	
GCF_003019675.1_ASM301967v1_genomic	3537675	
GCF_002763775.1_ASM276377v1_genomic	2216236	
GCF_000368805.1_Acin_john_ANC_3681_V1_genomic	3540498	
GCF_003932715.1_ASM393271v1_genomic	8019548	
GCF_013388375.1_ASM1338837v1_genomic	4942039	
GCF_018324105.1_ASM1832410v1_genomic	3399245	
GCF_000026745.1_ASM2674v1_genomic	2170808	
GCF_000585355.1_ASM58535v1_genomic	3287991	
GCF_900102715.1_IMG-taxon_2608642168_annotated_assembly_genomic	1797051	
GCF_000371485.1_Clos_clos_90B1_V1_genomic	5602152	
GCF_016893685.1_ASM1689368v1_genomic	5079087	
GCF_000246855.1_ASM24685v1_genomic	9033684	
GCF_001636295.1_ASM163629v1_genomic	3826972	
GCF_001889125.1_ASM188912v1_genomic	3401189	
GCF_000961215.1_ASM96121v1_genomic	5222255	
GCF_020149915.1_ASM2014991v1_genomic	3266086	
GCF_016747875.1_ASM1674787v1_genomic	2849946	
GCF_003340385.1_ASM334038v1_genomic	3399441	
GCF_019977655.1_ASM1997765v1_genomic	6041432	
GCF_000307165.1_ASM30716v1_genomic	2569486	
GCF_016725865.1_ASM1672586v1_genomic	6025216	
GCF_003464225.1_ASM346422v1_genomic	2477128	
GCF_000724775.3_ASM72477v3_genomic	4843789	
GCF_001688725.2_ASM168872v2_genomic	4839927	
GCF_002441855.2_ASM244185v2_genomic	4337501	
GCF_900095285.1_NG8563_Fusobacterium_sp_nov_lib123407_HGAP3_genomic	1816688	
GCF_000340475.1_ASM34047v1_genomic	3830781	
GCF_000013425.1_ASM1342v1_genomic	2821361	
GCF_900095865.1_PRJEB15310_genomic	2985330	
GCF_000019045.1_ASM1904v1_genomic	2846746	
GCF_002161475.1_ASM216147v1_genomic	1811993	
GCF_017815575.1_ASM1781557v1_genomic	3554892	
GCF_001455085.1_ASM145508v1_genomic	2430523	
GCF_009665375.1_ASM966537v1_genomic	4427003	
GCF_003096075.1_ASM309607v1_genomic	3911842	
GCF_002302495.1_ASM230249v1_genomic	2855148	
GCF_001570985.1_ASM157098v1_genomic	3378259	
GCF_001314325.1_ASM131432v1_genomic	5748623	
GCF_000018685.1_ASM1868v1_genomic	4847594	
GCF_024655835.1_ASM2465583v1_genomic	6475034	
GCF_003589745.1_ASM358974v1_genomic	2810441	
GCF_020541885.1_ASM2054188v1_genomic	2245999	
GCF_000250875.1_ASM25087v1_genomic	2376899	
GCF_900537995.1_Roseburia_intestinalis_strain_L1-82_genomic	4493348	
GCF_009935415.1_ASM993541v1_genomic	5600120	
GCF_900167115.1_IMG-taxon_2585428145_annotated_assembly_genomic	2872342	
GCF_020091425.1_ASM2009142v1_genomic	7053599	
GCF_018140635.1_ASM1814063v1_genomic	3455681	
GCF_900115655.1_IMG-taxon_2595698241_annotated_assembly_genomic	2815061	
GCF_016939435.1_ASM1693943v1_genomic	3456418	
GCF_001571025.1_ASM157102v1_genomic	2621735	
GCF_009769205.1_ASM976920v1_genomic	2039404	
GCF_014131755.1_ASM1413175v1_genomic	6304193	
GCF_007970465.1_ASM797046v1_genomic	3173955	
GCF_014489575.1_ASM1448957v1_genomic	3864792	
GCF_018739485.1_ASM1873948v1_genomic	5697065	
GCF_900167275.1_IMG-taxon_2585428148_annotated_assembly_genomic	2580907	
GCF_008632635.1_ASM863263v1_genomic	3980230	
GCF_000154845.1_ASM15484v1_genomic	4300117	
GCF_001886595.1_ASM188659v1_genomic	8380320	
GCF_003925875.1_ASM392587v1_genomic	3212924	
GCF_015558405.1_ASM1555840v1_genomic	3561746	
GCF_000622245.1_ASM62224v1_genomic	2103008	
GCF_009193295.2_ASM919329v2_genomic	5760088	
GCF_003606265.1_ASM360626v1_genomic	3404718	
GCF_002220285.1_ASM222028v1_genomic	5836971	
GCF_000311845.1_ASM31184v1_genomic	2280503	
GCF_003468995.1_ASM346899v1_genomic	3889284	
GCF_025151995.1_ASM2515199v1_genomic	4145839	
GCF_900106845.1_PRJEB14233_genomic	3112481	
GCF_000067205.1_ASM6720v1_genomic	5287950	
GCF_900104415.1_IMG-taxon_2593339221_annotated_assembly_genomic	2912287	
GCF_014218335.1_ASM1421833v1_genomic	5430627	
GCF_001877035.1_ASM187703v1_genomic	4785613	
GCF_004015185.1_ASM401518v1_genomic	6364326	
GCF_001507385.1_ASM150738v1_genomic	2797114	
GCF_000196035.1_ASM19603v1_genomic	2944528	
GCF_000224965.2_ASM22496v2_genomic	1938583	
GCF_900604385.1_PRJEB28786_genomic	3270862	
GCF_016696765.1_ASM1669676v1_genomic	2887949	
GCF_019047805.1_ASM1904780v1_genomic	2881812	
GCF_001941345.1_ASM194134v1_genomic	2862233	
GCF_015476275.1_ASM1547627v1_genomic	5077209	
GCF_902374815.1_MGYG-HGUT-01422_genomic	7087734	
GCF_000179635.2_ASM17963v2_genomic	4482087	
GCF_000190575.1_ASM19057v1_genomic	4308663	
GCF_002224365.1_ASM222436v1_genomic	4337422	
GCF_000011245.1_ASM1124v1_genomic	3630528	
GCF_000231055.2_ASM23105v3_genomic	4763852	
GCF_002080395.1_ASM208039v1_genomic	1871495	
GCF_010993845.2_ASM1099384v2_genomic	2157617	
GCF_017348895.1_ASM1734889v1_genomic	4132257	
GCF_018866245.1_ASM1886624v1_genomic	3420321	
GCF_000273525.1_PB_Bifi_bifi_NCIMB_41171_V1_genomic	2216395	
GCF_900638305.1_57043_C01_genomic	2404857	
GCF_900070325.1_SD1D_genomic	2609352	
GCF_016904155.1_ASM1690415v1_genomic	3373067	
GCF_900095135.1_M36_genomic	4414963	
GCF_002949635.1_ASM294963v1_genomic	6462637	
GCF_002865995.1_ASM286599v1_genomic	3584812	
GCF_014621655.1_ASM1462165v1_genomic	2839791	
GCF_019974115.1_ASM1997411v1_genomic	2310709	
GCF_002849795.1_ASM284979v1_genomic	3913006	
GCF_900312975.1_PRJEB24953_genomic	2769591	
GCF_003355155.1_ASM335515v1_genomic	8083249	
GCF_016728785.1_ASM1672878v1_genomic	3543719	
GCF_000403355.2_Ente_caec_B7_V1_genomic	2955616	
GCF_002159895.1_ASM215989v1_genomic	3540014	
GCF_000143845.1_ASM14384v1_genomic	2051896	
GCF_000160535.1_ASM16053v1_genomic	3273670	
GCF_001940005.1_ASM194000v1_genomic	3200860	
GCF_003991565.1_ASM399156v1_genomic	4976422	
GCF_000421705.1_ASM42170v1_genomic	3164519	
GCF_000518765.1_ASM51876v1_genomic	3587803	
GCF_000830905.1_ASM83090v1_genomic	1382308	
GCF_013046825.1_ASM1304682v1_genomic	2999687	
GCF_900343095.1_PRJEB25867_genomic	2320245	
GCF_005280655.1_ASM528065v1_genomic	3588860	
GCF_001718895.1_ASM171889v1_genomic	7780598	
GCF_902501455.1_DSM13632_genomic	1776933	
GCF_003030905.1_ASM303090v1_genomic	2192428	
GCF_002310475.1_ASM231047v1_genomic	2292235	
GCF_025152575.1_ASM2515257v1_genomic	3244954	
GCF_014725695.1_ASM1472569v1_genomic	3475666	
GCF_000169255.2_ASM16925v2_genomic	4241076	
GCF_000026105.1_ASM2610v1_genomic	5888780	
GCF_002998435.1_ASM299843v1_genomic	3361794	
GCF_000067165.1_ASM6716v1_genomic	13033779	
GCF_014656585.1_ASM1465658v1_genomic	2173634	
GCF_000210695.1_ASM21069v1_genomic	3114788	
GCF_020097475.1_ASM2009747v1_genomic	4645928	
GCF_018406465.1_ASM1840646v1_genomic	3103757	
GCF_000165505.1_ASM16550v1_genomic	3132314	
GCF_001561955.1_ASM156195v1_genomic	3120417	
GCF_025143605.1_ASM2514360v1_genomic	4508750	
GCF_000468135.1_PpleuF0068v1.0_genomic	2709958	
GCF_000010265.1_ASM1026v1_genomic	3955303	
GCF_004768785.1_ASM476878v1_genomic	2575639	
GCF_000145275.1_ASM14527v1_genomic	5262222	
GCF_900130055.1_IMG-taxon_2585428084_annotated_assembly_genomic	4600598	
GCF_001611955.1_ASM161195v1_genomic	2560146	
GCF_001457555.1_NCTC10562_genomic	2455060	
GCF_018127765.1_ASM1812776v1_genomic	2990547	
GCF_001486665.1_Fournierella_massiliensis_genomic	3829505	
GCF_000424065.1_ASM42406v1_genomic	3387070	
GCF_016803985.1_ASM1680398v1_genomic	7001532	
GCF_020736405.1_ASM2073640v1_genomic	4393364	
GCF_003006415.1_ASM300641v1_genomic	2566193	
GCF_013265555.1_ASM1326555v1_genomic	3195778	
GCF_008274825.1_ASM827482v1_genomic	4490254	
GCF_002393505.1_ASM239350v1_genomic	3990106	
GCF_001307805.1_ASM130780v2_genomic	3858284	
GCF_011682235.2_ASM1168223v2_genomic	4502320	
GCF_020735865.1_ASM2073586v1_genomic	4766157	
GCF_001991075.2_ASM199107v2_genomic	3211717	
GCF_900130065.1_IMG-taxon_2585428085_annotated_assembly_genomic	4198214	
GCF_016028735.1_ASM1602873v1_genomic	2832856	
GCF_900218035.1_IMG-taxon_2596583532_annotated_assembly_genomic	3020378	
GCF_000380985.1_ASM38098v1_genomic	4776693	
GCF_011008855.1_ASM1100885v1_genomic	3616560	
GCF_002407065.1_ASM240706v1_genomic	3953253	
GCF_902362575.1_MGYG-HGUT-00026_genomic	2532364	
GCF_000242335.1_ASM24233v3_genomic	3350206	
GCF_000025305.1_ASM2530v1_genomic	2329769	
GCF_000626675.1_ASM62667v1_genomic	3568218	
GCF_001886875.1_ASM188687v1_genomic	4639914	
GCF_000006605.1_ASM660v1_genomic	2476822	
GCF_002073255.2_ASM207325v2_genomic	2335516	
GCF_013267435.1_ASM1326743v1_genomic	5179558	
GCF_018885085.1_ASM1888508v1_genomic	4095894	
GCF_907163105.1_CB-03_assembly_genomic	2718917	
GCF_004331915.1_ASM433191v1_genomic	3017325	
GCF_000359525.1_ASM35952v1_genomic	6841649	
GCF_025144665.1_ASM2514466v1_genomic	2780015	
GCF_017301775.1_ASM1730177v1_genomic	4649333	
GCF_022024215.1_ASM2202421v1_genomic	3465067	
GCF_009676955.1_ASM967695v1_genomic	3340670	
GCF_010669305.1_ASM1066930v1_genomic	3334849	
GCF_000384195.1_ASM38419v1_genomic	2052877	
GCF_009762775.1_ASM976277v1_genomic	7811310	
GCF_009648935.1_ASM964893v1_genomic	4917491	
GCF_002285495.1_ASM228549v1_genomic	2869927	
GCF_018289135.1_ASM1828913v1_genomic	6558523	
GCF_900103425.1_IMG-taxon_2595698240_annotated_assembly_genomic	1700551	
GCF_006274405.1_ASM627440v1_genomic	5820553	
GCF_900475835.1_45232_G01_genomic	2749647	
GCF_005886755.1_ASM588675v1_genomic	2638027	
GCF_002263495.1_ASM226349v1_genomic	6142152	
GCF_015669135.1_ASM1566913v1_genomic	3736625	
GCF_014109845.1_ASM1410984v1_genomic	3848207	
GCF_014202635.1_ASM1420263v1_genomic	1768097	
GCF_000195315.1_ASM19531v1_genomic	2115681	
GCF_000296445.1_Slac_piri_YIT_12062_V1_genomic	2119335	
GCF_000240185.1_ASM24018v2_genomic	5682322	
GCF_003966955.1_ASM396695v1_genomic	1796691	
GCF_902381715.1_UHGG_MGYG-HGUT-01440_genomic	2287856	
GCF_016900595.1_ASM1690059v1_genomic	3118757	
GCF_010448835.1_ASM1044883v1_genomic	4895399	
GCF_016889925.1_ASM1688992v1_genomic	5248938	
GCF_002074155.1_ASM207415v1_genomic	4803058	
GCF_026723765.1_ASM2672376v1_genomic	4516221	
GCF_001593985.1_ASM159398v1_genomic	2619501	
GCF_019047765.1_ASM1904776v1_genomic	5021319	
GCF_001487105.1_Ruminococcus_phoceensis_genomic	3069885	
GCF_017309675.2_ASM1730967v2_genomic	4240638	
GCF_900637655.1_52295_B01_genomic	3168212	
GCF_003614235.1_ASM361423v1_genomic	2499078	
GCF_010669205.1_ASM1066920v1_genomic	6197116	
GCF_002933575.1_ASM293357v1_genomic	7710964	
GCF_009717905.1_ASM971790v1_genomic	3753897	
GCF_900104615.1_PRJEB16353_genomic	2580742	
GCF_916098265.1_Cu-17-M197059_genomic	1656401	
GCF_014385405.1_ASM1438540v1_genomic	3425373	
GCF_016599875.1_ASM1659987v1_genomic	5497097	
GCF_002951935.1_ASM295193v1_genomic	4378174	
GCF_902386925.1_UHGG_MGYG-HGUT-02413_genomic	3377915	
GCF_900142955.1_IMG-taxon_2588253509_annotated_assembly_genomic	5217774	
GCF_902373865.1_MGYG-HGUT-01321_genomic	2867216	
GCF_019186805.1_ASM1918680v1_genomic	4908875	
GCF_016772275.1_ASM1677227v1_genomic	4309805	
GCF_000412675.1_ASM41267v1_genomic	6156701	
GCF_000161615.1_ASM16161v1_genomic	6260142	
GCF_001564455.1_ASM156445v1_genomic	2542486	
GCF_000661955.1_ASM66195v1_genomic	4648976	
GCF_015326295.1_ASM1532629v1_genomic	4858647	
GCF_000967305.2_ASM96730v2_genomic	4248684	
GCF_018127825.1_ASM1812782v1_genomic	2887107	
GCF_014295035.1_ASM1429503v1_genomic	8416829	
GCF_003432035.1_ASM343203v1_genomic	5946122	
GCF_903886475.1_Streptococcus_thermophilus_CIRM_65_genomic	1791634	
GCF_001701045.1_ASM170104v1_genomic	3585187	
GCF_014192895.1_ASM1419289v1_genomic	2111518	
GCF_001281425.1_ASM128142v1_genomic	2426006	
GCF_001518795.1_ASM151879v1_genomic	2054328	
GCF_000183135.1_ASM18313v1_genomic	3685504	
GCF_000378365.1_ASM37836v1_genomic	2330046	
GCF_018389405.1_ASM1838940v1_genomic	3439340	
GCF_010093235.1_ASM1009323v1_genomic	3428061	
GCF_902387955.1_UHGG_MGYG-HGUT-02517_genomic	3592125	
GCF_017901175.1_ASM1790117v1_genomic	3724392	
GCF_024733725.1_ASM2473372v1_genomic	1880404	
GCF_016647595.1_ASM1664759v1_genomic	2246389	
GCF_900074625.1_PRJEB12936_genomic	2953672	
GCF_900445995.1_48290_B02_genomic	3438815	
GCF_003287895.1_ASM328789v1_genomic	3297975	
GCF_003096215.1_ASM309621v1_genomic	4016170	
GCF_016127455.1_ASM1612745v1_genomic	2772325	
GCF_017347605.1_ASM1734760v1_genomic	3524789	
GCF_017894345.1_ASM1789434v1_genomic	2041763	
GCF_900215245.1_IMG-taxon_2617270901_annotated_assembly_genomic	6511547	
GCF_015244315.1_ASM1524431v1_genomic	8458055	
GCF_008693605.1_ASM869360v1_genomic	4929340	
GCF_000069785.1_ASM6978v1_genomic	6476522	
GCF_003367705.1_ASM336770v1_genomic	3568138	
GCF_008571395.1_ASM857139v1_genomic	4999807	
GCF_002290485.1_ASM229048v1_genomic	4825405	
GCF_014634885.1_ASM1463488v1_genomic	2104207	
GCF_012221945.1_ASM1222194v1_genomic	3570747	
GCF_015159595.1_ASM1515959v1_genomic	3518434	
GCF_900120345.1_PRJEB18024_genomic	3500754	
GCF_000473995.1_ASM47399v1_genomic	5107814	
GCF_000512915.1_ASM51291v1_genomic	3076856	
GCF_016894205.1_ASM1689420v1_genomic	4228380	
GCF_009721605.1_ASM972160v1_genomic	6646572	
GCF_000159995.1_ASM15999v1_genomic	2585719	
GCF_900167085.1_IMG-taxon_2585428142_annotated_assembly_genomic	2841101	
GCF_003687415.1_ASM368741v1_genomic	3797724	
GCF_000154385.1_ASM15438v1_genomic	3127383	
GCF_900111425.1_IMG-taxon_2693429902_annotated_assembly_genomic	5073141	
GCF_016894325.1_ASM1689432v1_genomic	3933924	
GCF_900637185.1_49867_H01_genomic	6983363	
GCF_010537335.1_ASM1053733v1_genomic	2488096	
GCF_000062885.1_ASM6288v1_genomic	8212805	
GCF_014251295.1_ASM1425129v1_genomic	637404	
GCF_003860545.1_ASM386054v1_genomic	2538787	
GCF_020886175.1_ASM2088617v1_genomic	5620102	
GCF_021117135.1_ASM2111713v1_genomic	5572607	
GCF_003600795.1_ASM360079v1_genomic	5170780	
GCF_003265305.2_ASM326530v2_genomic	2920169	
GCF_900638215.1_56553_A01_genomic	6541269	
GCF_013358205.1_ASM1335820v1_genomic	5630518	
GCF_002209125.2_ASM220912v2_genomic	8935513	
GCF_003935525.1_ASM393552v1_genomic	3700425	
GCF_003940825.1_ASM394082v1_genomic	6049604	
GCF_023497905.1_ASM2349790v1_genomic	2345971	
GCF_009913655.1_ASM991365v1_genomic	3223643	
GCF_000705495.1_GbsDonk1.0_genomic	2787229	
GCF_004353845.1_ASM435384v1_genomic	5370228	
GCF_902373665.1_MGYG-HGUT-01299_genomic	2191053	
GCF_900475035.1_41965_F01_genomic	1746380	
GCF_000832905.1_ASM83290v1_genomic	3366995	
GCF_002761235.1_ASM276123v1_genomic	2257294	
GCF_006542685.1_Adis_1.0_genomic	2962376	
GCF_002201795.1_ASM220179v1_genomic	4775573	
GCF_003019695.1_ASM301969v1_genomic	1678881	
GCF_019396925.1_ASM1939692v1_genomic	4149690	
GCF_020783455.1_ASM2078345v1_genomic	8690773	
GCF_018128125.1_ASM1812812v1_genomic	2999514	
GCF_019916025.1_ASM1991602v1_genomic	3566216	
GCF_011100465.1_ASM1110046v1_genomic	2348096	
GCF_001676805.1_ASM167680v1_genomic	2552671	
GCF_018408705.1_ASM1840870v1_genomic	3407680	
GCF_020735445.1_ASM2073544v1_genomic	3551614	
GCF_018127985.1_ASM1812798v1_genomic	3025491	
GCF_024752535.1_ASM2475253v1_genomic	8033415	
GCF_000756715.1_PRJEB5505_assembly_1_genomic	2191063	
GCF_025914135.1_ASM2591413v1_genomic	5482387	
GCF_000196555.1_ASM19655v1_genomic	2385164	
GCF_014334055.1_ASM1433405v1_genomic	2823823	
GCF_001888925.1_ASM188892v1_genomic	1891796	
GCF_018394375.1_ASM1839437v1_genomic	5868373	
GCF_010918895.1_ASM1091889v1_genomic	3337186	
GCF_018292165.1_ASM1829216v1_genomic	4920161	
GCF_900103835.1_IMG-taxon_2667527408_annotated_assembly_genomic	2916215	
GCF_020138775.1_ASM2013877v1_genomic	3275424	
GCF_003932995.1_ASM393299v1_genomic	4038634	
GCF_000818015.1_ASM81801v1_genomic	4383480	
GCF_003019655.1_ASM301965v1_genomic	3346458	
GCF_019175485.1_ASM1917548v1_genomic	4255835	
GCF_900460995.1_42552_F01_genomic	4929686	
GCF_013300945.1_ASM1330094v1_genomic	2775435	
GCF_001735765.2_ASM173576v2_genomic	3503506	
GCF_000215105.1_ASM21510v1_genomic	3307740	
GCF_001050115.1_ASM105011v1_genomic	3381292	
GCF_011044155.1_ASM1104415v1_genomic	4373045	
GCF_001696605.3_ASM169660v3_genomic	3960451	
GCF_007859655.1_ASM785965v1_genomic	4480314	
GCF_020885855.1_ASM2088585v1_genomic	4977532	
GCF_015140235.1_ASM1514023v1_genomic	2541474	
GCF_009739655.1_ASM973965v1_genomic	3365549	
GCF_000814825.1_ASM81482v1_genomic	1967093	
GCF_001025195.1_ASM102519v1_genomic	2079525	
GCF_025311475.1_ASM2531147v1_genomic	2162388	
GCF_002749495.1_ASM274949v1_genomic	4620225	
GCF_003516165.1_ASM351616v1_genomic	5238537	
GCF_013267375.1_ASM1326737v1_genomic	6736877	
GCF_000010505.1_ASM1050v1_genomic	2354886	
GCF_000262545.1_ASM26254v1_genomic	2521238	
GCF_014841035.1_ASM1484103v1_genomic	2015225	
GCF_014202115.1_ASM1420211v1_genomic	3872981	
GCF_011299095.1_ASM1129909v1_genomic	2350884	
GCF_003019315.1_ASM301931v1_genomic	2716766	
GCF_000009805.1_ASM980v1_genomic	6292344	
GCF_018501965.1_ASM1850196v1_genomic	2910105	
GCF_900105315.1_IMG-taxon_2634166531_annotated_assembly_genomic	4023083	
GCF_008693705.1_ASM869370v1_genomic	4561870	
GCF_006540085.1_ASM654008v1_genomic	3892546	
GCF_000393015.1_Ente_faec_T5_V1_genomic	2870381	
GCF_025148125.1_ASM2514812v1_genomic	4685728	
GCF_003177055.1_ASM317705v1_genomic	6810864	
GCF_000709415.1_ASM70941v1_genomic	2757557	
GCF_001951095.1_ASM195109v1_genomic	2363492	
GCF_020735565.1_ASM2073556v1_genomic	3308411	
GCF_000212915.1_ASM21291v1_genomic	2991798	
GCF_001314995.1_ASM131499v1_genomic	6472489	
GCF_002407185.1_ASM240718v1_genomic	3796663	
GCF_020991025.1_ASM2099102v1_genomic	3860786	
GCF_900474605.1_41594_C01_genomic	2421598	
GCF_000253375.1_ASM25337v1_genomic	4482059	
GCF_014524625.1_ASM1452462v1_genomic	6827675	
GCF_001659785.1_ASM165978v1_genomic	3607892	
GCF_016127275.1_ASM1612727v1_genomic	1958742	
GCF_006542645.1_Aond_1.0_genomic	3507492	
GCF_004359355.1_ASM435935v1_genomic	8910608	
GCF_009914475.1_ASM991447v1_genomic	3084932	
GCF_002327205.1_ASM232720v1_genomic	2889569	
GCF_020735705.1_ASM2073570v1_genomic	3113335	
GCF_900187235.1_52184_D01_genomic	2377532	
GCF_002023665.2_ASM202366v2_genomic	4058311	
GCF_003402615.1_ASM340261v1_genomic	3262821	
GCF_000769555.1_ASM76955v1_genomic	4014440	
GCF_002272085.1_assembly-7520-2_v1_genomic	4444746	
GCF_000144405.1_ASM14440v1_genomic	3168282	
GCF_900461125.1_49699_D02_genomic	6115043	
GCF_000482845.1_ASM48284v1_genomic	3804739	
GCF_000614125.1_ASM61412v1_genomic	4884492	
GCF_001858005.1_ASM185800v1_genomic	3386314	
GCF_002374275.1_ASM237427v1_genomic	3570894	
GCF_000378085.1_ASM37808v1_genomic	3508589	
GCF_018409485.1_ASM1840948v1_genomic	3198423	
GCF_900476255.1_53750_A02_genomic	2133352	
GCF_900454815.1_52278_C01_genomic	2111739	
GCF_900445255.1_51485_H01_genomic	3005083	
GCF_003096095.1_ASM309609v1_genomic	3904836	
GCF_018336855.1_ASM1833685v1_genomic	3438557	
GCF_001591365.1_ASM159136v1_genomic	6664268	
GCF_016026875.1_ASM1602687v1_genomic	4733702	
GCF_000238215.1_ASM23821v1_genomic	3405521	
GCF_010731295.1_ASM1073129v1_genomic	6585921	
GCF_000144625.1_ASM14462v1_genomic	4662871	
GCF_000218855.1_ASM21885v1_genomic	4145581	
GCF_002706795.1_ASM270679v1_genomic	5400144	
GCF_000803645.1_ASM80364v1_genomic	5202172	
GCF_018064205.1_ASM1806420v1_genomic	3969186	
GCF_900129945.1_IMG-taxon_2585428068_annotated_assembly_genomic	4837257	
GCF_000376705.1_ASM37670v1_genomic	2549775	
GCF_900637575.1_52006_A02_genomic	3166158	
GCF_018075365.1_ASM1807536v1_genomic	4761851	
GCF_003459085.1_ASM345908v1_genomic	3744856	
GCF_003099975.1_ASM309997v1_genomic	653353	
GCF_003204135.1_ASM320413v1_genomic	4454136	
GCF_022180365.1_ASM2218036v1_genomic	2813415	
GCF_014337255.1_ASM1433725v1_genomic	2072767	
GCF_014396165.1_ASM1439616v1_genomic	2217552	
GCF_020341675.1_ASM2034167v1_genomic	5785766	
GCF_003812925.1_ASM381292v1_genomic	5879076	
GCF_001597285.1_ASM159728v1_genomic	4406305	
GCF_003726035.1_ASM372603v1_genomic	2801926	
GCF_020181435.1_ASM2018143v1_genomic	3284789	
GCF_016904755.1_ASM1690475v2_genomic	4631903	
GCF_018292125.1_ASM1829212v1_genomic	7271073	
GCF_003352005.1_ASM335200v1_genomic	4103611	
GCF_003585765.1_ASM358576v1_genomic	4974797	
GCF_019343495.1_ASM1934349v1_genomic	3528101	
GCF_902374375.1_MGYG-HGUT-01364_genomic	4421924	
GCF_900187035.1_50279_G02_genomic	2230342	
GCF_902858935.1_Ssal_L25_genomic	2185075	
GCF_020911725.1_ASM2091172v1_genomic	3625784	
GCF_015097455.1_ASM1509745v1_genomic	2869982	
GCF_016725645.1_ASM1672564v1_genomic	5138280	
GCF_005046025.1_ASM504602v1_genomic	2412878	
GCF_009834925.2_ASM983492v2_genomic	4175177	
GCF_000479045.1_ASM47904v1_genomic	3068248	
GCF_000284355.1_ASM28435v1_genomic	2256675	
GCF_001692755.1_ASM169275v1_genomic	3577579	
GCF_900105385.1_IMG-taxon_2636416048_annotated_assembly_genomic	6733014	
GCF_900129515.1_IMG-taxon_2695420950_annotated_assembly_genomic	3113497	
GCF_008693005.1_ASM869300v1_genomic	1930063	
GCF_000710955.1_ASM71095v1_genomic	5861114	
GCF_000364285.1_Heli_bili_WiWa_V1_genomic	2559659	
GCF_007814115.1_ASM781411v1_genomic	2635789	
GCF_000577895.1_M2_40_genomic	3617025	
GCF_001984445.1_ASM198444v1_genomic	8243179	
GCF_000185705.2_Bilo_wads_3_1_6_V2_genomic	4391194	
GCF_003628755.1_ASM362875v1_genomic	2969292	
GCF_900104805.1_IMG-taxon_2667527434_annotated_assembly_genomic	4642193	
GCF_008831485.1_ASM883148v1_genomic	1683905	
GCF_001956775.1_ASM195677v1_genomic	4590718	
GCF_015097275.1_ASM1509727v1_genomic	4171466	
GCF_018326305.1_ASM1832630v1_genomic	2504406	
GCF_900143685.1_PRJEB18025_genomic	2009306	
GCF_014303955.1_ASM1430395v1_genomic	3947358	
GCF_002355295.1_ASM235529v1_genomic	6270417	
GCF_016586355.1_ASM1658635v1_genomic	3173732	
GCF_000733715.2_ASM73371v2_genomic	5372474	
GCF_009730395.1_ASM973039v1_genomic	1716536	
GCF_000225705.1_Coll_tana_YIT_12063_V1_genomic	2492085	
GCF_000613945.1_ASM61394v1_genomic	2800241	
GCF_000374365.1_ASM37436v1_genomic	4917576	
GCF_008121405.1_ASM812140v1_genomic	3371970	
GCF_006351925.1_ASM635192v1_genomic	3805212	
GCF_016888945.1_ASM1688894v1_genomic	4113613	
GCF_003033925.1_ASM303392v1_genomic	3013600	
GCF_007164725.1_ASM716472v1_genomic	2407548	
GCF_001688845.2_ASM168884v2_genomic	3306457	
GCF_900636925.1_45137_F01_genomic	5199761	
GCF_900454225.1_34576_H01_genomic	4727886	
GCF_003725295.1_ASM372529v1_genomic	1995252	
GCF_910575425.1_MGBC000127_genomic	5258315	
GCF_015548275.1_ASM1554827v1_genomic	3349616	
GCF_000340885.1_ASM34088v1_genomic	6666445	
GCF_009933595.1_ASM993359v1_genomic	1906794	
GCF_013304825.1_ASM1330482v1_genomic	3494515	
GCF_000178115.2_ASM17811v2_genomic	3008576	
GCF_000006945.2_ASM694v2_genomic	4951383	
GCF_016889065.1_ASM1688906v1_genomic	4813143	
GCF_000195275.1_ASM19527v1_genomic	2897425	
GCF_000157355.2_ASM15735v2_genomic	3427276	
GCF_019357495.1_ASM1935749v1_genomic	1551959	
GCF_015910445.1_ASM1591044v1_genomic	7377472	
GCF_900095795.1_E5A_genomic	3717632	
GCF_013267695.1_ASM1326769v1_genomic	2258003	
GCF_004405045.1_ASM440504v1_genomic	4701093	
GCF_003971195.1_ASM397119v1_genomic	2830639	
GCF_000152245.2_ASM15224v2_genomic	4316707	
GCF_024463555.1_ASM2446355v1_genomic	3133947	
GCF_023823875.1_ASM2382387v1_genomic	5453361	
GCF_011397855.1_ASM1139785v1_genomic	6089454	
GCF_002736145.1_ASM273614v1_genomic	2306349	
GCF_023702375.1_ASM2370237v1_genomic	5112849	
GCF_025311515.1_ASM2531151v1_genomic	1883554	
GCF_009931655.1_ASM993165v1_genomic	4965849	
GCF_900107245.1_IMG-taxon_2593339158_annotated_assembly_genomic	2717066	
GCF_016728825.1_ASM1672882v1_genomic	6901970	
GCF_002081995.1_ASM208199v1_genomic	3362333	
GCF_001953955.1_ASM195395v1_genomic	2674170	
GCF_019753795.1_ASM1975379v1_genomic	3942322	
GCF_003814745.1_ASM381474v1_genomic	3176247	
GCF_004103735.1_ASM410373v1_genomic	2750839	
GCF_019048625.1_ASM1904862v1_genomic	4762440	
GCF_025567495.1_ASM2556749v1_genomic	2965035	
GCF_025567005.1_ASM2556700v1_genomic	3270962	
GCF_024764835.1_ASM2476483v1_genomic	4847130	
GCF_023646265.1_ASM2364626v1_genomic	1692130	
GCF_002968755.1_ASM296875v1_genomic	7247865	
GCF_024160185.1_ASM2416018v1_genomic	3250480	
GCF_009755265.1_ASM975526v1_genomic	2798076	
GCF_015207075.1_ASM1520707v1_genomic	4198480	
GCF_016622125.1_ASM1662212v1_genomic	7744573	
GCF_024297065.1_ASM2429706v1_genomic	2265076	
GCF_001294675.1_ASM129467v1_genomic	6362326	
GCF_025567285.1_ASM2556728v1_genomic	3235561	
GCF_023499985.1_ASM2349998v1_genomic	3454033	
GCF_024160205.1_ASM2416020v1_genomic	3210596	
GCF_002018365.1_ASM201836v1_genomic	3418391	
GCF_024158125.1_ASM2415812v1_genomic	3397356	
GCF_025567415.1_ASM2556741v1_genomic	2693657	
GCF_023380225.1_ASM2338022v1_genomic	1550949	
GCF_023983615.1_ASM2398361v1_genomic	4799068	
GCF_910591625.1_ASM91059162v1_genomic	4910240	
GCF_914768035.1_R-54678_genomic	2265685	
GCF_024614185.1_ASM2461418v1_genomic	6301022	
GCF_025566985.1_ASM2556698v1_genomic	1967735	
GCF_025060895.1_ASM2506089v1_genomic	9813311	
GCF_002777345.1_ASM277734v1_genomic	2355707	
GCF_025527015.1_ASM2552701v1_genomic	5255834	
GCF_023499865.1_ASM2349986v1_genomic	3424299	
GCF_023380205.1_ASM2338020v1_genomic	2053587	
GCF_024198235.1_ASM2419823v1_genomic	10408129	
GCF_914768045.1_LMG_28360_genomic	2310392	
GCF_001374975.1_259_Rw151_contigs_500_genomic	6491764	
GCF_020149935.1_ASM2014993v1_genomic	4635932	
GCF_002601815.1_ASM260181v1_genomic	6350027	
GCF_024112395.1_ASM2411239v1_genomic	6609162	
GCF_024649945.1_ASM2464994v1_genomic	5961247	
GCF_001450355.1_WH-SGI-V-07055_genomic	6757340	
GCF_017565685.3_ASM1756568v3_genomic	10530141	
GCF_002777485.1_ASM277748v1_genomic	2358796	
GCF_024707545.1_ASM2470754v1_genomic	7548464	
GCF_023499915.1_ASM2349991v1_genomic	3518799	
GCF_025527035.1_ASM2552703v1_genomic	5303036	
GCF_025403355.1_ASM2540335v1_genomic	7713009	
GCF_009829305.1_ASM982930v1_genomic	7450597	
GCF_012940005.1_ASM1294000v1_genomic	5024437	
GCF_025567565.1_ASM2556756v1_genomic	3071079	
GCF_025567385.1_ASM2556738v1_genomic	3714607	
GCF_023380245.1_ASM2338024v1_genomic	1494436	
GCF_024436035.1_ASM2443603v1_genomic	7069061	
GCF_018968705.1_ASM1896870v1_genomic	5870232	
GCF_025566865.1_ASM2556686v1_genomic	4023593	
GCF_025567465.1_ASM2556746v1_genomic	2871164	
GCF_024704915.1_ASM2470491v1_genomic	4270763	
GCF_011068405.5_ASM1106840v5_genomic	11474152	
GCF_940670685.1_M3-9_genomic	3757330	
GCF_001280765.1_ASM128076v1_genomic	6333481	
GCF_025567305.1_ASM2556730v1_genomic	2648172	
GCF_024273205.1_ASM2427320v1_genomic	3768132	
GCF_000695545.1_SnoalvwkB29v1.0_genomic	2406311	
GCF_023347555.1_ASM2334755v1_genomic	5157107	
GCF_024198255.1_ASM2419825v1_genomic	11198912	
GCF_003411505.2_ASM341150v2_genomic	6277724	
GCF_025567365.1_ASM2556736v1_genomic	2459729	
GCF_025567065.1_ASM2556706v1_genomic	2561300	
GCF_002563335.1_ASM256333v1_genomic	6342489	
GCF_011009535.1_ASM1100953v1_genomic	8890835	
GCF_024496245.1_ASM2449624v1_genomic	3429145	
GCF_000695565.1_SnoalvwkB12v1.0_genomic	2438497	
GCF_025567345.1_ASM2556734v1_genomic	2912566	
GCF_025567215.1_ASM2556721v1_genomic	3013746	
GCF_025567045.1_ASM2556704v1_genomic	3354558	
GCF_023347575.1_ASM2334757v1_genomic	5161293	
GCF_024259865.1_ASM2425986v1_genomic	1066909	
GCF_000632475.1_ASM63247v2_genomic	7391279	
GCF_024764965.1_ASM2476496v1_genomic	4756759	
GCF_002156075.1_ASM215607v1_genomic	10317375	
GCF_025567405.1_ASM2556740v1_genomic	3334484	
GCF_025567015.1_ASM2556701v1_genomic	4097696	
GCF_914768025.1_LMG_30236_genomic	2507157	
GCF_000789725.1_AZPAE14941_genomic	6881480	
GCF_025567085.1_ASM2556708v1_genomic	3027291	
GCF_025566025.1_ASM2556602v1_genomic	4865496	
GCF_023333585.1_ASM2333358v1_genomic	7745032	
GCF_025567265.1_ASM2556726v1_genomic	3411049	
GCF_914768085.1_R-54236_genomic	2314670	
GCF_017565645.3_ASM1756564v3_genomic	11399526	
GCF_914768075.1_R-54841_genomic	2400984	
GCF_025998535.1_ASM2599853v1_genomic	3596428	
GCF_023347585.1_ASM2334758v1_genomic	5252950	
GCF_023499845.1_ASM2349984v1_genomic	3433877	
GCF_002895265.1_ASM289526v1_genomic	7228952	
GCF_002777335.1_ASM277733v1_genomic	2417520	
GCF_023373525.1_ASM2337352v1_genomic	4348474	
GCF_025706525.1_ASM2570652v1_genomic	6247344	
GCF_003968475.1_ASM396847v1_genomic	7161718	
GCF_024273195.1_ASM2427319v1_genomic	3812751	
GCF_914768095.1_R-53680_genomic	2526951	
GCF_024006985.1_ASM2400698v1_genomic	3249261	
GCF_003025345.2_ASM302534v2_genomic	6164858	
GCF_002777415.1_ASM277741v1_genomic	2442708	
GCF_025643095.1_ASM2564309v1_genomic	6550644	
GCF_025567485.1_ASM2556748v1_genomic	2657141	
GCF_025567165.1_ASM2556716v1_genomic	3561714	
GCF_025567445.1_ASM2556744v1_genomic	5880143	
GCF_914768015.1_R-54863_genomic	2434137	
GCF_024764955.1_ASM2476495v1_genomic	5116472	
GCF_025566905.1_ASM2556690v1_genomic	2725575	
GCF_025917275.1_ASM2591727v1_genomic	6158284	
GCF_003057595.1_ASM305759v1_genomic	6353571	
GCF_023646305.1_ASM2364630v1_genomic	1799129	
GCF_023333595.1_ASM2333359v1_genomic	6929784	
GCF_024198215.1_ASM2419821v1_genomic	11517428	
GCF_023701485.1_ASM2370148v1_genomic	9072081	
GCF_025403405.1_ASM2540340v1_genomic	7068637	
GCF_022760755.1_ASM2276075v1_genomic	4345403	
GCF_023515995.1_ASM2351599v1_genomic	5002371	
GCF_025567605.1_ASM2556760v1_genomic	3346315	
GCF_914768055.1_R-53528_genomic	2287013	
GCF_024764795.1_ASM2476479v1_genomic	4612112	
GCF_011742925.1_ASM1174292v1_genomic	6718605	
GCF_025567315.1_ASM2556731v1_genomic	2999081	
GCF_002777595.1_ASM277759v1_genomic	2453208	
GCF_025567175.1_ASM2556717v1_genomic	2951124	
GCF_025567135.1_ASM2556713v1_genomic	3614006	
GCF_023501985.1_ASM2350198v1_genomic	8063577	
GCF_015207035.1_ASM1520703v1_genomic	6469551	
GCF_019718935.1_ASM1971893v1_genomic	5812153	
GCF_023380265.1_ASM2338026v1_genomic	1637944	
GCF_008369925.1_ASM836992v1_genomic	7024214	
GCF_024267675.1_ASM2426767v1_genomic	5345811	
GCF_023499885.1_ASM2349988v1_genomic	3451610	
GCF_025567125.1_ASM2556712v1_genomic	4186633	
GCF_025567095.1_ASM2556709v1_genomic	3823105	
GCF_002777525.1_ASM277752v1_genomic	2441972	
GCF_002777635.1_ASM277763v1_genomic	2489068	
GCF_025403395.1_ASM2540339v1_genomic	7071824	
GCF_014281125.1_ASM1428112v1_genomic	2623040	
GCF_024721265.1_ASM2472126v1_genomic	3250480	
GCF_003968965.1_ASM396896v1_genomic	6419743	
GCF_022760805.1_ASM2276080v1_genomic	4050246	
GCF_025566885.1_ASM2556688v1_genomic	3452403	
GCF_025567195.1_ASM2556719v1_genomic	3399574	
GCF_023499875.1_ASM2349987v1_genomic	3333325	
GCF_024704895.1_ASM2470489v1_genomic	4249514	
GCF_019718915.1_ASM1971891v1_genomic	5810900	
GCF_020010925.1_ASM2001092v1_genomic	10610750	
GCF_022760775.1_ASM2276077v1_genomic	4315136	
GCF_025403375.1_ASM2540337v1_genomic	7399988	
GCF_011009555.1_ASM1100955v1_genomic	8660379	
GCF_024721305.1_ASM2472130v1_genomic	3210596	
GCF_025567525.1_ASM2556752v1_genomic	3795992	
GCF_005222185.1_ASM522218v1_genomic	8121100	
GCF_003073695.1_ASM307369v1_genomic	7245771	
GCF_024198175.1_ASM2419817v1_genomic	12698915	
GCF_023646285.1_ASM2364628v1_genomic	1592701	
GCF_001402955.1_ASM140295v1_genomic	6305053	
GCF_024256385.1_ASM2425638v1_genomic	8932131	
GCF_005222165.1_ASM522216v1_genomic	7928656	
GCF_025566055.1_ASM2556605v1_genomic	4715697	
GCF_025566965.1_ASM2556696v1_genomic	3891993	
GCF_002777615.1_ASM277761v1_genomic	2459690	
GCF_024764775.1_ASM2476477v1_genomic	4649742	
GCF_011516635.5_ASM1151663v5_genomic	10580853	
